date,open,high,low,close,volume,quoteVol
2023-08-25,219.00000000,219.60000000,213.70000000,218.40000000,380692.10500000,1693007999999
2023-08-26,218.50000000,219.30000000,216.10000000,216.50000000,146835.27100000,1693094399999
2023-08-27,216.40000000,219.80000000,215.90000000,218.40000000,186853.18400000,1693180799999
2023-08-28,218.40000000,219.50000000,215.10000000,218.80000000,310319.44200000,1693267199999
2023-08-29,218.80000000,234.80000000,217.00000000,226.90000000,666199.64900000,1693353599999
2023-08-30,226.90000000,227.30000000,221.70000000,223.80000000,305094.43800000,1693439999999
2023-08-31,223.80000000,226.00000000,214.40000000,216.70000000,452017.91300000,1693526399999
2023-09-01,216.70000000,218.40000000,211.20000000,213.70000000,461833.23800000,1693612799999
2023-09-02,213.70000000,215.90000000,213.00000000,214.40000000,207729.72600000,1693699199999
2023-09-03,214.40000000,215.20000000,213.20000000,214.40000000,168458.24200000,1693785599999
2023-09-04,214.40000000,216.50000000,213.10000000,215.20000000,305315.44500000,1693871999999
2023-09-05,215.30000000,216.10000000,213.50000000,214.60000000,242764.07900000,1693958399999
2023-09-06,214.60000000,218.80000000,211.80000000,215.20000000,300823.42400000,1694044799999
2023-09-07,215.20000000,217.90000000,213.60000000,217.10000000,247735.49600000,1694131199999
2023-09-08,217.10000000,218.80000000,213.40000000,214.70000000,235244.29600000,1694217599999
2023-09-09,214.70000000,215.40000000,214.10000000,214.10000000,94752.24600000,1694303999999
2023-09-10,214.20000000,214.30000000,211.10000000,212.40000000,281482.37900000,1694390399999
2023-09-11,212.40000000,212.70000000,203.90000000,206.10000000,580093.12300000,1694476799999
2023-09-12,206.20000000,214.30000000,204.90000000,210.70000000,523734.99900000,1694563199999
2023-09-13,210.80000000,213.30000000,209.30000000,212.50000000,301454.87500000,1694649599999
2023-09-14,212.50000000,215.00000000,211.00000000,212.20000000,354022.55300000,1694735999999
2023-09-15,212.20000000,215.00000000,210.90000000,214.10000000,312856.99700000,1694822399999
2023-09-16,214.10000000,216.00000000,213.30000000,214.90000000,288697.08500000,1694908799999
2023-09-17,214.90000000,216.80000000,213.30000000,216.50000000,333002.46800000,1694995199999
2023-09-18,216.40000000,221.30000000,214.90000000,216.00000000,600156.61000000,1695081599999
2023-09-19,216.00000000,219.90000000,215.30000000,217.20000000,347261.74800000,1695167999999
2023-09-20,217.20000000,217.80000000,213.30000000,214.40000000,368825.74600000,1695254399999
2023-09-21,214.30000000,215.10000000,209.10000000,210.80000000,412312.20900000,1695340799999
2023-09-22,210.80000000,213.00000000,209.60000000,211.10000000,237677.23500000,1695427199999
2023-09-23,211.10000000,211.70000000,209.90000000,210.50000000,117618.21000000,1695513599999
2023-09-24,210.40000000,211.20000000,206.50000000,208.30000000,185179.50200000,1695599999999
2023-09-25,208.30000000,210.60000000,206.50000000,209.90000000,272401.46500000,1695686399999
2023-09-26,210.00000000,213.70000000,209.70000000,212.60000000,280709.58900000,1695772799999
2023-09-27,212.60000000,216.00000000,210.50000000,212.00000000,409367.39700000,1695859199999
2023-09-28,212.10000000,217.00000000,211.50000000,215.00000000,394085.54300000,1695945599999
2023-09-29,215.00000000,217.60000000,214.30000000,215.20000000,371923.96100000,1696031999999
2023-09-30,215.20000000,216.50000000,214.10000000,214.60000000,179075.15600000,1696118399999
2023-10-01,214.60000000,219.40000000,213.10000000,218.20000000,415044.57800000,1696204799999
2023-10-02,218.20000000,221.60000000,213.10000000,214.60000000,565949.13600000,1696291199999
2023-10-03,214.60000000,215.80000000,212.40000000,213.50000000,294511.08300000,1696377599999
2023-10-04,213.50000000,213.80000000,210.80000000,213.40000000,328882.49000000,1696463999999
2023-10-05,213.40000000,213.90000000,210.20000000,210.60000000,259374.03900000,1696550399999
2023-10-06,210.70000000,214.60000000,210.10000000,213.40000000,258866.55300000,1696636799999
2023-10-07,213.40000000,213.80000000,211.50000000,212.30000000,125590.79200000,1696723199999
2023-10-08,212.20000000,212.80000000,208.80000000,211.40000000,225258.30500000,1696809599999
2023-10-09,211.30000000,212.20000000,202.00000000,205.80000000,572318.20500000,1696895999999
2023-10-10,205.90000000,213.10000000,205.50000000,208.60000000,577725.01400000,1696982399999
2023-10-11,208.60000000,208.80000000,204.30000000,206.60000000,397200.81700000,1697068799999
2023-10-12,206.60000000,207.30000000,202.80000000,205.10000000,355516.95800000,1697155199999
2023-10-13,205.10000000,208.30000000,204.30000000,206.10000000,331300.92000000,1697241599999
2023-10-14,206.10000000,207.10000000,205.70000000,206.50000000,142741.13200000,1697327999999
2023-10-15,206.50000000,213.00000000,206.30000000,209.70000000,365630.55400000,1697414399999
2023-10-16,209.80000000,219.00000000,209.60000000,214.60000000,773179.81000000,1697500799999
2023-10-17,214.70000000,215.00000000,209.00000000,211.40000000,372808.01600000,1697587199999
2023-10-18,211.40000000,213.90000000,209.90000000,210.20000000,260942.33800000,1697673599999
2023-10-19,210.30000000,211.50000000,208.20000000,211.20000000,274491.48900000,1697759999999
2023-10-20,211.20000000,216.60000000,210.50000000,212.10000000,344927.20600000,1697846399999
2023-10-21,212.10000000,215.80000000,211.40000000,214.20000000,263182.51200000,1697932799999
2023-10-22,214.20000000,218.40000000,213.60000000,217.80000000,291845.06900000,1698019199999
2023-10-23,217.80000000,231.00000000,216.90000000,228.50000000,841393.16500000,1698105599999
2023-10-24,228.60000000,238.10000000,221.20000000,225.20000000,1011409.17000000,1698191999999
2023-10-25,225.20000000,229.10000000,221.50000000,222.10000000,624789.77700000,1698278399999
2023-10-26,222.10000000,228.10000000,219.20000000,223.20000000,726200.66800000,1698364799999
2023-10-27,223.20000000,231.60000000,219.90000000,224.10000000,970917.48900000,1698451199999
2023-10-28,224.20000000,228.40000000,224.10000000,225.70000000,347691.43700000,1698537599999
2023-10-29,225.70000000,228.10000000,223.60000000,227.10000000,269033.79600000,1698623999999
2023-10-30,227.10000000,229.20000000,224.60000000,228.00000000,397120.27600000,1698710399999
2023-10-31,228.00000000,229.30000000,223.90000000,226.20000000,465273.26800000,1698796799999
2023-11-01,226.30000000,229.50000000,222.30000000,227.90000000,578647.20800000,1698883199999
2023-11-02,228.00000000,233.70000000,227.50000000,231.90000000,829216.68700000,1698969599999
2023-11-03,231.90000000,232.40000000,225.60000000,230.20000000,501371.78600000,1699055999999
2023-11-04,230.30000000,238.70000000,229.30000000,237.10000000,391480.94700000,1699142399999
2023-11-05,237.20000000,245.50000000,236.10000000,244.00000000,613299.47300000,1699228799999
2023-11-06,244.00000000,256.10000000,241.50000000,255.10000000,844924.32400000,1699315199999
2023-11-07,255.10000000,255.60000000,242.10000000,246.20000000,865045.80800000,1699401599999
2023-11-08,246.20000000,248.30000000,244.00000000,246.70000000,500403.19200000,1699487999999
2023-11-09,246.70000000,255.90000000,240.00000000,251.60000000,1320420.47400000,1699574399999
2023-11-10,251.70000000,258.00000000,248.10000000,251.00000000,814936.21800000,1699660799999
2023-11-11,251.10000000,255.20000000,246.00000000,251.50000000,738756.91100000,1699747199999
2023-11-12,251.60000000,252.00000000,244.50000000,247.40000000,637126.20900000,1699833599999
2023-11-13,247.50000000,250.20000000,240.30000000,241.10000000,953917.53200000,1699919999999
2023-11-14,241.10000000,249.40000000,233.70000000,242.30000000,992864.12400000,1700006399999
2023-11-15,242.30000000,254.50000000,242.10000000,253.70000000,911316.43300000,1700092799999
2023-11-16,253.70000000,256.00000000,240.00000000,242.70000000,1090149.24000000,1700179199999
2023-11-17,242.70000000,245.90000000,238.30000000,244.90000000,757117.69800000,1700265599999
2023-11-18,244.90000000,245.20000000,238.50000000,244.80000000,485737.21700000,1700351999999
2023-11-19,244.80000000,246.90000000,241.80000000,246.40000000,379101.10400000,1700438399999
2023-11-20,246.50000000,268.40000000,238.60000000,253.10000000,1523794.58000000,1700524799999
2023-11-21,253.10000000,271.90000000,224.00000000,225.50000000,4050392.77800000,1700611199999
2023-11-22,225.50000000,238.50000000,224.60000000,236.10000000,1791363.24500000,1700697599999
2023-11-23,236.20000000,239.20000000,230.20000000,233.80000000,718114.37700000,1700783999999
2023-11-24,233.80000000,236.70000000,231.60000000,232.70000000,616904.31500000,1700870399999
2023-11-25,232.80000000,235.70000000,232.10000000,234.40000000,313338.26400000,1700956799999
2023-11-26,234.50000000,234.50000000,227.90000000,231.70000000,437624.72200000,1701043199999
2023-11-27,231.80000000,232.90000000,222.50000000,227.20000000,831147.03400000,1701129599999
2023-11-28,227.30000000,231.70000000,224.30000000,229.60000000,547422.86200000,1701215999999
2023-11-29,229.60000000,231.20000000,226.10000000,227.30000000,416529.00100000,1701302399999
2023-11-30,227.30000000,229.20000000,225.90000000,227.60000000,360874.41900000,1701388799999
2023-12-01,227.60000000,230.00000000,227.00000000,228.50000000,425879.27500000,1701475199999
2023-12-02,228.50000000,230.10000000,224.80000000,229.00000000,456196.93300000,1701561599999
2023-12-03,229.10000000,231.90000000,225.90000000,228.10000000,594689.61400000,1701647999999
2023-12-04,228.10000000,237.40000000,224.80000000,233.50000000,1475825.97100000,1701734399999
2023-12-05,233.50000000,234.90000000,227.90000000,231.20000000,861796.38000000,1701820799999
2023-12-06,231.30000000,234.80000000,228.60000000,229.40000000,858794.13200000,1701907199999
2023-12-07,229.50000000,234.80000000,228.30000000,232.60000000,793571.24700000,1701993599999
2023-12-08,232.60000000,240.00000000,232.20000000,238.90000000,764638.52000000,1702079999999
2023-12-09,238.80000000,245.50000000,236.30000000,237.70000000,838098.22300000,1702166399999
2023-12-10,237.80000000,241.40000000,236.80000000,239.80000000,433591.53400000,1702252799999
2023-12-11,239.80000000,248.20000000,228.00000000,246.40000000,2010717.77200000,1702339199999
2023-12-12,246.40000000,257.30000000,245.50000000,254.60000000,1877670.62900000,1702425599999
2023-12-13,254.60000000,255.90000000,244.10000000,252.00000000,1149182.33900000,1702511999999
2023-12-14,252.10000000,254.00000000,247.70000000,253.30000000,818946.78700000,1702598399999
2023-12-15,253.20000000,253.40000000,242.60000000,244.90000000,655654.89200000,1702684799999
2023-12-16,244.90000000,248.40000000,242.70000000,244.40000000,444080.33000000,1702771199999
2023-12-17,244.40000000,244.50000000,238.80000000,238.80000000,464957.44600000,1702857599999
2023-12-18,238.90000000,241.70000000,232.00000000,241.70000000,876189.24400000,1702943999999
2023-12-19,241.70000000,254.80000000,241.30000000,252.90000000,1569167.39400000,1703030399999
2023-12-20,252.80000000,261.90000000,250.10000000,260.30000000,1116951.00200000,1703116799999
2023-12-21,260.40000000,274.90000000,256.20000000,272.10000000,1286767.65300000,1703203199999
2023-12-22,272.10000000,276.50000000,264.90000000,271.10000000,967819.92100000,1703289599999
2023-12-23,271.10000000,272.00000000,265.60000000,271.00000000,408213.41200000,1703375999999
2023-12-24,271.00000000,272.90000000,261.90000000,264.50000000,572645.13500000,1703462399999
2023-12-25,264.40000000,268.20000000,261.50000000,266.90000000,469743.42300000,1703548799999
2023-12-26,266.80000000,303.20000000,264.00000000,297.70000000,2356245.34500000,1703635199999
2023-12-27,297.70000000,324.40000000,285.10000000,324.10000000,2126454.61000000,1703721599999
2023-12-28,324.00000000,338.30000000,320.00000000,322.60000000,2249136.21900000,1703807999999
2023-12-29,322.60000000,325.60000000,307.00000000,313.70000000,1407022.74000000,1703894399999
2023-12-30,313.70000000,320.80000000,312.20000000,317.10000000,561853.41300000,1703980799999
2023-12-31,317.00000000,325.50000000,307.40000000,311.80000000,667097.55700000,1704067199999
2024-01-01,311.90000000,316.00000000,307.00000000,313.50000000,619455.15800000,1704153599999
2024-01-02,313.50000000,321.30000000,305.80000000,312.20000000,937764.73700000,1704239999999
2024-01-03,312.30000000,334.30000000,293.60000000,315.80000000,2132158.12200000,1704326399999
2024-01-04,315.90000000,324.30000000,310.90000000,323.70000000,1133774.95700000,1704412799999
2024-01-05,323.60000000,327.30000000,308.60000000,317.50000000,1157056.27600000,1704499199999
2024-01-06,317.60000000,317.60000000,300.20000000,307.50000000,909358.18300000,1704585599999
2024-01-07,307.60000000,310.00000000,300.00000000,302.40000000,498367.08900000,1704671999999
2024-01-08,302.50000000,308.10000000,290.00000000,303.70000000,984590.84200000,1704758399999
2024-01-09,303.60000000,306.80000000,295.70000000,301.10000000,1401490.15500000,1704844799999
2024-01-10,301.10000000,310.00000000,288.80000000,305.80000000,1032565.47700000,1704931199999
2024-01-11,305.70000000,316.80000000,301.40000000,308.20000000,1179601.54300000,1705017599999
2024-01-12,308.20000000,313.00000000,289.10000000,296.60000000,1003340.77400000,1705103999999
2024-01-13,296.70000000,303.10000000,290.80000000,302.20000000,436784.23900000,1705190399999
2024-01-14,302.20000000,306.70000000,298.70000000,299.50000000,393054.94700000,1705276799999
2024-01-15,299.40000000,320.60000000,299.40000000,317.50000000,1704540.89000000,1705363199999
2024-01-16,317.60000000,319.40000000,313.00000000,315.20000000,951149.44500000,1705449599999
2024-01-17,315.10000000,316.30000000,306.80000000,309.40000000,1071343.49600000,1705535999999
2024-01-18,309.30000000,315.60000000,305.70000000,313.00000000,921121.88900000,1705622399999
2024-01-19,313.00000000,316.20000000,305.00000000,314.70000000,835724.40000000,1705708799999
2024-01-20,314.70000000,317.30000000,312.20000000,317.20000000,326090.18700000,1705795199999
2024-01-21,317.30000000,321.70000000,316.10000000,318.60000000,359764.31300000,1705881599999
2024-01-22,318.70000000,320.30000000,303.60000000,305.90000000,704437.64700000,1705967999999
2024-01-23,305.90000000,311.70000000,290.30000000,298.80000000,928195.37800000,1706054399999
2024-01-24,298.80000000,300.70000000,290.30000000,293.10000000,802312.81500000,1706140799999
2024-01-25,293.00000000,296.70000000,287.50000000,292.10000000,1004156.71900000,1706227199999
2024-01-26,292.10000000,304.20000000,290.70000000,302.20000000,709942.40400000,1706313599999
2024-01-27,302.20000000,307.70000000,301.90000000,305.60000000,285357.66700000,1706399999999
2024-01-28,305.70000000,309.10000000,303.10000000,305.30000000,409403.05700000,1706486399999
2024-01-29,305.30000000,311.00000000,304.40000000,310.70000000,442799.50500000,1706572799999
2024-01-30,310.70000000,313.10000000,306.30000000,307.60000000,386375.46700000,1706659199999
2024-01-31,307.70000000,308.20000000,298.60000000,300.50000000,459007.69800000,1706745599999
2024-02-01,300.50000000,302.20000000,296.40000000,300.20000000,373269.78900000,1706831999999
2024-02-02,300.20000000,305.20000000,299.80000000,301.40000000,309501.64900000,1706918399999
2024-02-03,301.40000000,303.80000000,299.50000000,299.70000000,198730.96200000,1707004799999
2024-02-04,299.60000000,307.70000000,298.00000000,304.70000000,503405.32300000,1707091199999
2024-02-05,304.70000000,306.80000000,299.50000000,301.20000000,488672.27100000,1707177599999
2024-02-06,301.20000000,304.10000000,300.90000000,302.70000000,260762.32100000,1707263999999
2024-02-07,302.80000000,308.70000000,300.70000000,307.30000000,352421.78900000,1707350399999
2024-02-08,307.40000000,320.60000000,307.30000000,319.20000000,921496.50200000,1707436799999
2024-02-09,319.20000000,326.30000000,317.90000000,324.00000000,739178.08100000,1707523199999
2024-02-10,324.00000000,325.40000000,318.90000000,323.00000000,321477.06400000,1707609599999
2024-02-11,323.00000000,324.90000000,320.10000000,320.70000000,280308.10500000,1707695999999
2024-02-12,320.60000000,332.20000000,315.60000000,327.80000000,576734.16200000,1707782399999
2024-02-13,327.90000000,329.20000000,318.60000000,324.70000000,441545.83000000,1707868799999
2024-02-14,324.60000000,334.60000000,323.40000000,333.90000000,452466.98000000,1707955199999
2024-02-15,333.90000000,366.60000000,333.30000000,354.20000000,1361590.40300000,1708041599999
2024-02-16,354.30000000,366.80000000,349.10000000,360.40000000,1061855.98600000,1708127999999
2024-02-17,360.40000000,363.70000000,348.20000000,352.90000000,630266.52000000,1708214399999
2024-02-18,352.90000000,358.10000000,349.10000000,349.80000000,495667.63400000,1708300799999
2024-02-19,349.80000000,356.20000000,349.30000000,351.60000000,830917.53400000,1708387199999
2024-02-20,351.70000000,361.60000000,344.80000000,354.60000000,972650.55800000,1708473599999
2024-02-21,354.60000000,379.30000000,350.90000000,379.20000000,1701415.31300000,1708559999999
2024-02-22,379.20000000,387.30000000,373.70000000,382.60000000,1409647.48100000,1708646399999
2024-02-23,382.70000000,385.80000000,369.00000000,375.50000000,1027891.29500000,1708732799999
2024-02-24,375.50000000,383.30000000,371.70000000,381.70000000,444587.48100000,1708819199999
2024-02-25,381.60000000,391.00000000,377.60000000,388.50000000,643002.67100000,1708905599999
2024-02-26,388.50000000,404.90000000,382.00000000,401.60000000,1196262.20400000,1708991999999
2024-02-27,401.50000000,403.70000000,389.60000000,394.60000000,915873.07300000,1709078399999
2024-02-28,394.60000000,427.30000000,394.10000000,414.60000000,1348008.99500000,1709164799999
2024-02-29,414.70000000,419.70000000,391.10000000,399.40000000,1146024.36200000,1709251199999
2024-03-01,399.30000000,408.60000000,398.80000000,407.40000000,586580.61100000,1709337599999
2024-03-02,407.40000000,414.80000000,405.80000000,410.90000000,590018.54300000,1709423999999
2024-03-03,410.90000000,416.80000000,402.20000000,414.50000000,838274.34600000,1709510399999
2024-03-04,414.50000000,423.80000000,410.60000000,418.40000000,1045414.00100000,1709596799999
2024-03-05,418.50000000,427.20000000,356.10000000,394.10000000,2073303.79000000,1709683199999
2024-03-06,394.10000000,434.70000000,385.60000000,429.40000000,1804741.11200000,1709769599999
2024-03-07,429.40000000,476.80000000,423.20000000,474.60000000,1672134.41000000,1709855999999
2024-03-08,474.60000000,489.60000000,462.50000000,485.80000000,1660311.36100000,1709942399999
2024-03-09,485.80000000,493.80000000,480.70000000,488.30000000,852029.24100000,1710028799999
2024-03-10,488.30000000,537.50000000,484.80000000,528.90000000,1944137.08400000,1710115199999
2024-03-11,528.90000000,533.80000000,505.50000000,523.00000000,1608146.39700000,1710201599999
2024-03-12,523.00000000,548.50000000,519.00000000,537.50000000,1924767.68700000,1710287999999
2024-03-13,537.40000000,633.50000000,531.70000000,630.50000000,2526002.56400000,1710374399999
2024-03-14,630.50000000,631.50000000,565.50000000,603.20000000,2119540.30000000,1710460799999
2024-03-15,603.20000000,635.20000000,540.90000000,632.70000000,3066312.78800000,1710547199999
2024-03-16,632.70000000,645.20000000,567.20000000,576.40000000,1811838.04200000,1710633599999
2024-03-17,576.40000000,590.50000000,548.60000000,571.70000000,1712920.34100000,1710719999999
2024-03-18,571.70000000,587.70000000,540.10000000,555.40000000,2284301.81400000,1710806399999
2024-03-19,555.40000000,560.60000000,495.80000000,507.70000000,2551361.51200000,1710892799999
2024-03-20,507.70000000,559.00000000,500.00000000,556.80000000,1425296.57900000,1710979199999
2024-03-21,556.70000000,571.00000000,540.60000000,553.80000000,953921.37200000,1711065599999
2024-03-22,553.80000000,588.10000000,535.50000000,553.80000000,1181298.51000000,1711151999999
2024-03-23,553.80000000,567.70000000,543.40000000,551.90000000,608753.32900000,1711238399999
2024-03-24,551.90000000,573.00000000,548.70000000,567.70000000,442930.35000000,1711324799999
2024-03-25,567.80000000,598.00000000,564.40000000,587.00000000,802695.51200000,1711411199999
2024-03-26,587.10000000,597.00000000,571.90000000,580.40000000,569324.07900000,1711497599999
2024-03-27,580.40000000,585.60000000,560.30000000,574.30000000,531668.40200000,1711583999999
2024-03-28,574.20000000,591.70000000,574.10000000,583.40000000,503901.62400000,1711670399999
2024-03-29,583.40000000,620.00000000,582.10000000,612.50000000,1042401.16900000,1711756799999
2024-03-30,612.50000000,612.90000000,596.90000000,600.70000000,501020.14800000,1711843199999
2024-03-31,600.70000000,608.80000000,600.40000000,606.70000000,325136.96700000,1711929599999
2024-04-01,606.70000000,607.70000000,568.70000000,575.80000000,723114.09000000,1712015999999
2024-04-02,575.80000000,578.20000000,546.30000000,551.40000000,998260.81400000,1712102399999
2024-04-03,551.40000000,567.90000000,539.00000000,561.50000000,683925.23300000,1712188799999
2024-04-04,561.60000000,597.60000000,560.80000000,585.50000000,879640.68000000,1712275199999
2024-04-05,585.40000000,591.50000000,564.40000000,577.80000000,634206.61900000,1712361599999
2024-04-06,577.80000000,591.30000000,575.10000000,585.40000000,226975.99600000,1712447999999
2024-04-07,585.50000000,591.10000000,578.00000000,583.90000000,263849.21600000,1712534399999
2024-04-08,583.80000000,601.10000000,577.70000000,586.40000000,483568.31200000,1712620799999
2024-04-09,586.30000000,590.30000000,571.20000000,580.50000000,596275.79200000,1712707199999
2024-04-10,580.40000000,610.60000000,573.40000000,609.70000000,816050.70000000,1712793599999
2024-04-11,609.70000000,618.40000000,592.00000000,604.60000000,579678.19400000,1712879999999
2024-04-12,604.60000000,634.50000000,571.00000000,595.60000000,1517722.65800000,1712966399999
2024-04-13,595.60000000,600.20000000,508.00000000,553.10000000,1761628.47300000,1713052799999
2024-04-14,553.00000000,576.00000000,536.10000000,566.40000000,965488.00300000,1713139199999
2024-04-15,566.40000000,585.50000000,544.70000000,552.70000000,698443.30300000,1713225599999
2024-04-16,552.70000000,554.20000000,522.80000000,537.60000000,623668.81300000,1713311999999
2024-04-17,537.50000000,547.90000000,512.60000000,534.10000000,657909.35800000,1713398399999
2024-04-18,534.00000000,555.90000000,527.00000000,552.10000000,589697.29600000,1713484799999
2024-04-19,552.00000000,564.30000000,524.00000000,554.00000000,545504.18300000,1713571199999
2024-04-20,554.10000000,574.30000000,548.80000000,570.90000000,242132.85900000,1713657599999
2024-04-21,570.90000000,582.60000000,566.30000000,579.60000000,277755.72400000,1713743999999
2024-04-22,579.60000000,608.70000000,578.40000000,604.50000000,522892.15700000,1713830399999
2024-04-23,604.40000000,618.30000000,598.70000000,606.20000000,556883.34400000,1713916799999
2024-04-24,606.20000000,618.50000000,592.60000000,608.80000000,656953.67700000,1714003199999
2024-04-25,608.80000000,617.90000000,600.70000000,613.20000000,453745.51700000,1714089599999
2024-04-26,613.30000000,615.00000000,597.00000000,598.00000000,302119.88400000,1714175999999
2024-04-27,598.00000000,599.70000000,585.00000000,596.20000000,268783.91200000,1714262399999
2024-04-28,596.20000000,609.00000000,596.20000000,600.20000000,258059.43100000,1714348799999
2024-04-29,600.20000000,602.80000000,581.30000000,592.80000000,330474.00500000,1714435199999
2024-04-30,592.80000000,604.30000000,555.70000000,578.40000000,766513.44600000,1714521599999
2024-05-01,578.40000000,580.40000000,536.70000000,561.80000000,669027.31800000,1714607999999
2024-05-02,561.80000000,565.90000000,539.50000000,560.50000000,359794.31500000,1714694399999
2024-05-03,560.50000000,590.00000000,558.90000000,587.00000000,342906.43300000,1714780799999
2024-05-04,587.00000000,593.60000000,582.50000000,585.70000000,197129.25100000,1714867199999
2024-05-05,585.70000000,595.00000000,579.30000000,592.00000000,180458.23600000,1714953599999
2024-05-06,592.00000000,602.30000000,583.10000000,588.20000000,278669.00500000,1715039999999
2024-05-07,588.20000000,600.40000000,576.00000000,576.50000000,289488.70900000,1715126399999
2024-05-08,576.50000000,590.00000000,574.40000000,588.60000000,297016.61700000,1715212799999
2024-05-09,588.60000000,605.80000000,586.30000000,596.80000000,464857.60100000,1715299199999
2024-05-10,596.80000000,597.00000000,581.50000000,585.60000000,296215.51600000,1715385599999
2024-05-11,585.70000000,594.50000000,580.80000000,592.20000000,210698.30500000,1715471999999
2024-05-12,592.20000000,600.10000000,587.30000000,594.80000000,191190.56200000,1715558399999
2024-05-13,594.80000000,598.40000000,585.20000000,591.70000000,389810.28600000,1715644799999
2024-05-14,591.70000000,593.10000000,562.00000000,567.10000000,453308.31600000,1715731199999
2024-05-15,567.10000000,587.30000000,560.00000000,581.00000000,402812.99300000,1715817599999
2024-05-16,581.00000000,586.60000000,565.10000000,569.20000000,411937.05600000,1715903999999
2024-05-17,569.20000000,584.50000000,568.60000000,580.90000000,236919.61600000,1715990399999
2024-05-18,580.90000000,581.90000000,574.20000000,580.30000000,168074.71100000,1716076799999
2024-05-19,580.30000000,581.90000000,571.30000000,574.50000000,142157.48500000,1716163199999
2024-05-20,574.60000000,602.00000000,568.80000000,599.60000000,469252.80600000,1716249599999
2024-05-21,599.60000000,631.40000000,593.30000000,618.50000000,1023559.61300000,1716335999999
2024-05-22,618.50000000,626.30000000,610.10000000,614.80000000,404848.48700000,1716422399999
2024-05-23,614.80000000,617.50000000,580.00000000,599.30000000,607671.94700000,1716508799999
2024-05-24,599.40000000,605.50000000,588.30000000,600.30000000,251965.17600000,1716595199999
2024-05-25,600.30000000,606.70000000,599.50000000,602.40000000,121538.95800000,1716681599999
2024-05-26,602.30000000,605.40000000,598.00000000,600.20000000,122983.66000000,1716767999999
2024-05-27,600.30000000,614.40000000,599.60000000,603.90000000,229302.37700000,1716854399999
2024-05-28,603.90000000,606.00000000,593.80000000,601.70000000,284862.98500000,1716940799999
2024-05-29,601.70000000,603.60000000,593.10000000,595.70000000,212706.25400000,1717027199999
2024-05-30,595.70000000,602.20000000,586.50000000,595.10000000,225452.34400000,1717113599999
2024-05-31,595.10000000,599.00000000,590.00000000,593.70000000,168608.05400000,1717199999999
2024-06-01,593.80000000,608.40000000,593.10000000,601.90000000,156464.89400000,1717286399999
2024-06-02,601.90000000,606.00000000,596.00000000,602.90000000,198299.99600000,1717372799999
2024-06-03,602.80000000,638.80000000,601.20000000,626.40000000,654161.46700000,1717459199999
2024-06-04,626.40000000,688.20000000,624.80000000,685.70000000,736322.68030000,1717545599999
2024-06-05,685.70000000,716.00000000,684.70000000,698.80000000,673820.56520000,1717631999999
2024-06-06,698.80000000,721.80000000,692.00000000,711.20000000,544042.95920000,1717718399999
2024-06-07,711.10000000,712.00000000,658.90000000,684.00000000,594753.99000000,1717804799999
2024-06-08,684.00000000,694.90000000,677.90000000,682.70000000,216849.47300000,1717891199999
2024-06-09,682.70000000,684.80000000,670.30000000,673.00000000,173565.78000000,1717977599999
2024-06-10,673.10000000,674.80000000,613.30000000,625.10000000,692122.61600000,1718063999999
2024-06-11,625.10000000,629.00000000,595.80000000,602.50000000,640655.92000000,1718150399999
2024-06-12,602.50000000,635.40000000,591.30000000,619.40000000,454148.66100000,1718236799999
2024-06-13,619.40000000,619.90000000,595.60000000,599.80000000,313465.47200000,1718323199999
2024-06-14,599.80000000,612.50000000,590.00000000,603.30000000,279802.08500000,1718409599999
2024-06-15,603.30000000,609.70000000,601.30000000,608.20000000,122650.19700000,1718495999999
2024-06-16,608.20000000,611.80000000,601.10000000,610.80000000,104827.15400000,1718582399999
2024-06-17,610.90000000,612.60000000,591.40000000,604.30000000,235509.02800000,1718668799999
2024-06-18,604.30000000,605.20000000,575.00000000,588.60000000,459142.57300000,1718755199999
2024-06-19,588.60000000,605.90000000,586.60000000,599.30000000,260529.06200000,1718841599999
2024-06-20,599.30000000,608.00000000,584.60000000,587.70000000,289498.77200000,1718927999999
2024-06-21,587.70000000,589.30000000,577.80000000,586.10000000,191182.61400000,1719014399999
2024-06-22,586.20000000,591.40000000,581.00000000,591.10000000,100439.58400000,1719100799999
2024-06-23,591.10000000,593.20000000,576.00000000,577.50000000,141025.83400000,1719187199999
2024-06-24,577.50000000,582.00000000,551.20000000,568.10000000,356915.24800000,1719273599999
2024-06-25,568.10000000,580.00000000,566.40000000,578.20000000,177300.69900000,1719359999999
2024-06-26,578.30000000,584.70000000,567.40000000,573.00000000,154770.34400000,1719446399999
2024-06-27,573.10000000,584.70000000,566.40000000,581.70000000,199582.23100000,1719532799999
2024-06-28,581.80000000,585.30000000,565.60000000,567.40000000,210308.56500000,1719619199999
2024-06-29,567.40000000,573.90000000,566.90000000,570.00000000,99951.16900000,1719705599999
2024-06-30,570.00000000,585.30000000,568.30000000,582.20000000,169894.14800000,1719791999999
2024-07-01,582.30000000,588.30000000,576.20000000,576.90000000,188481.95100000,1719878399999
2024-07-02,576.90000000,582.00000000,573.90000000,580.10000000,144561.93400000,1719964799999
2024-07-03,580.10000000,581.00000000,550.50000000,556.70000000,288318.80800000,1720051199999
2024-07-04,556.70000000,558.10000000,511.60000000,513.60000000,511359.49400000,1720137599999
2024-07-05,513.50000000,516.10000000,454.80000000,497.70000000,992708.16400000,1720223999999
2024-07-06,497.80000000,530.70000000,496.00000000,526.00000000,226597.14100000,1720310399999
2024-07-07,526.00000000,526.60000000,488.40000000,490.70000000,279027.45900000,1720396799999
2024-07-08,490.70000000,524.20000000,471.00000000,510.60000000,580970.09600000,1720483199999
2024-07-09,510.50000000,520.80000000,506.50000000,516.90000000,203358.60100000,1720569599999
2024-07-10,516.90000000,529.40000000,511.30000000,524.70000000,205460.20800000,1720655999999
2024-07-11,524.70000000,545.10000000,520.10000000,524.80000000,262788.57700000,1720742399999
2024-07-12,524.90000000,537.50000000,517.00000000,533.80000000,207870.77800000,1720828799999
2024-07-13,533.90000000,539.40000000,527.30000000,532.40000000,161128.43100000,1720915199999
2024-07-14,532.50000000,547.70000000,531.20000000,544.80000000,148566.27300000,1721001599999
2024-07-15,544.90000000,586.80000000,543.80000000,585.30000000,335372.77200000,1721087999999
2024-07-16,585.30000000,587.50000000,554.40000000,576.20000000,347825.03000000,1721174399999
2024-07-17,576.30000000,584.00000000,564.30000000,568.90000000,198271.20500000,1721260799999
2024-07-18,568.90000000,579.60000000,561.60000000,571.90000000,153121.78400000,1721347199999
2024-07-19,572.00000000,598.70000000,565.00000000,593.40000000,331877.52900000,1721433599999
2024-07-20,593.40000000,597.90000000,586.70000000,593.10000000,144679.40400000,1721519999999
2024-07-21,593.20000000,603.40000000,581.50000000,602.50000000,243931.76300000,1721606399999
2024-07-22,602.50000000,605.60000000,580.30000000,587.20000000,212452.69000000,1721692799999
2024-07-23,587.30000000,593.50000000,577.20000000,581.90000000,214355.31100000,1721779199999
2024-07-24,582.00000000,589.10000000,570.40000000,574.90000000,160535.20800000,1721865599999
2024-07-25,574.90000000,576.60000000,553.10000000,570.60000000,286997.52200000,1721951999999
2024-07-26,570.70000000,582.80000000,570.20000000,580.90000000,155492.92000000,1722038399999
2024-07-27,580.90000000,592.80000000,572.60000000,581.60000000,184468.85500000,1722124799999
2024-07-28,581.60000000,584.90000000,574.50000000,583.90000000,92606.64200000,1722211199999
2024-07-29,583.90000000,598.00000000,572.20000000,574.30000000,213824.08900000,1722297599999
2024-07-30,574.30000000,588.30000000,566.60000000,588.20000000,165024.41300000,1722383999999
2024-07-31,588.10000000,592.90000000,574.70000000,576.50000000,194701.72300000,1722470399999
2024-08-01,576.50000000,578.00000000,553.70000000,575.10000000,280418.86500000,1722556799999
2024-08-02,575.20000000,577.60000000,540.20000000,542.90000000,283605.00100000,1722643199999
2024-08-03,542.90000000,545.30000000,521.30000000,529.60000000,245777.52500000,1722729599999
2024-08-04,529.70000000,532.20000000,486.50000000,496.90000000,390238.28500000,1722815999999
2024-08-05,496.90000000,499.90000000,400.00000000,464.20000000,2114679.75000000,1722902399999
2024-08-06,464.30000000,494.40000000,463.50000000,484.80000000,458815.00700000,1722988799999
2024-08-07,484.90000000,497.70000000,468.10000000,475.00000000,322182.48700000,1723075199999
2024-08-08,475.00000000,521.70000000,467.50000000,517.10000000,286744.60800000,1723161599999
2024-08-09,517.20000000,518.40000000,498.70000000,508.70000000,195125.10600000,1723247999999
2024-08-10,508.70000000,525.40000000,507.20000000,523.10000000,126212.23800000,1723334399999
2024-08-11,523.20000000,535.80000000,502.30000000,503.40000000,206038.71400000,1723420799999
2024-08-12,503.50000000,524.00000000,499.20000000,518.20000000,285951.34700000,1723507199999
2024-08-13,518.30000000,527.00000000,513.10000000,524.20000000,255029.49700000,1723593599999
2024-08-14,524.20000000,531.90000000,515.40000000,523.40000000,220850.01100000,1723679999999
2024-08-15,523.40000000,533.90000000,510.00000000,519.20000000,229628.30600000,1723766399999
2024-08-16,519.20000000,524.50000000,509.90000000,519.70000000,174036.14100000,1723852799999
2024-08-17,519.70000000,547.70000000,518.30000000,541.60000000,196365.58600000,1723939199999
2024-08-18,541.70000000,542.60000000,530.80000000,531.20000000,148890.01800000,1724025599999
2024-08-19,531.30000000,560.70000000,529.10000000,558.40000000,233275.35200000,1724111999999
2024-08-20,558.50000000,574.90000000,558.20000000,569.40000000,422053.69300000,1724198399999
2024-08-21,569.40000000,575.10000000,546.10000000,570.10000000,345601.77000000,1724284799999
2024-08-22,570.20000000,590.00000000,559.70000000,582.90000000,365020.28400000,1724371199999
2024-08-23,583.00000000,600.60000000,574.30000000,591.70000000,387772.66300000,1724457599999
2024-08-24,591.70000000,592.40000000,574.60000000,580.50000000,325168.89700000,1724543999999
2024-08-25,580.50000000,583.90000000,569.00000000,573.90000000,195984.55900000,1724630399999
2024-08-26,573.90000000,575.60000000,546.70000000,548.20000000,280985.57600000,1724716799999
2024-08-27,548.30000000,558.30000000,520.50000000,533.30000000,298073.97400000,1724803199999
2024-08-28,533.30000000,546.80000000,522.40000000,537.00000000,269794.77700000,1724889599999
2024-08-29,537.00000000,545.50000000,530.90000000,536.40000000,166187.11300000,1724975999999
2024-08-30,536.40000000,543.40000000,522.00000000,535.20000000,197825.89500000,1725062399999
2024-08-31,535.20000000,541.50000000,531.10000000,532.90000000,95954.07200000,1725148799999
2024-09-01,532.90000000,533.20000000,507.70000000,512.40000000,203698.86700000,1725235199999
2024-09-02,512.30000000,530.20000000,501.50000000,526.30000000,262984.42600000,1725321599999
2024-09-03,526.40000000,538.40000000,517.90000000,518.70000000,224481.65000000,1725407999999
2024-09-04,518.80000000,523.70000000,495.80000000,507.60000000,435892.30600000,1725494399999
2024-09-05,507.60000000,512.90000000,496.70000000,502.40000000,177237.32000000,1725580799999
2024-09-06,502.40000000,509.90000000,471.30000000,487.20000000,357704.72700000,1725667199999
2024-09-07,487.30000000,499.50000000,482.90000000,493.50000000,140367.31200000,1725753599999
2024-09-08,493.60000000,506.90000000,490.70000000,503.10000000,135677.17300000,1725839999999
2024-09-09,503.20000000,525.70000000,501.70000000,518.70000000,207528.54000000,1725926399999
2024-09-10,518.70000000,524.30000000,509.20000000,517.00000000,161417.81200000,1726012799999
2024-09-11,517.00000000,535.40000000,506.50000000,530.10000000,204079.60200000,1726099199999
2024-09-12,530.20000000,548.70000000,530.00000000,544.50000000,273877.80000000,1726185599999
2024-09-13,544.60000000,559.70000000,538.70000000,556.40000000,276743.27300000,1726271999999
2024-09-14,556.40000000,559.20000000,547.50000000,553.30000000,138432.96400000,1726358399999
2024-09-15,553.40000000,561.90000000,546.00000000,553.40000000,205254.79000000,1726444799999
2024-09-16,553.40000000,555.20000000,527.00000000,533.70000000,267953.69000000,1726531199999
2024-09-17,533.70000000,552.70000000,529.00000000,546.20000000,195288.36000000,1726617599999
2024-09-18,546.20000000,559.70000000,536.80000000,559.50000000,201182.98500000,1726703999999
2024-09-19,559.50000000,572.20000000,553.00000000,567.00000000,308427.74200000,1726790399999
2024-09-20,566.90000000,577.10000000,555.00000000,569.00000000,257077.70900000,1726876799999
2024-09-21,569.10000000,590.00000000,566.40000000,588.60000000,208752.23000000,1726963199999
2024-09-22,588.70000000,594.60000000,576.40000000,588.70000000,202978.79100000,1727049599999
2024-09-23,588.70000000,616.00000000,583.40000000,604.50000000,376010.20700000,1727135999999
2024-09-24,604.50000000,613.40000000,598.50000000,605.90000000,261622.13100000,1727222399999
2024-09-25,605.80000000,608.30000000,584.20000000,587.40000000,220793.94800000,1727308799999
2024-09-26,587.50000000,609.00000000,580.80000000,596.30000000,334337.47400000,1727395199999
2024-09-27,596.30000000,614.70000000,596.00000000,606.80000000,356901.64000000,1727481599999
2024-09-28,606.90000000,618.60000000,594.50000000,601.10000000,262593.38100000,1727567999999
2024-09-29,601.10000000,602.80000000,592.40000000,595.60000000,160103.08400000,1727654399999
2024-09-30,595.60000000,595.80000000,563.50000000,567.40000000,324086.73700000,1727740799999
2024-10-01,567.40000000,583.10000000,536.80000000,547.30000000,476372.94500000,1727827199999
2024-10-02,547.20000000,558.30000000,535.40000000,542.50000000,282193.66300000,1727913599999
2024-10-03,542.50000000,550.80000000,534.30000000,544.80000000,220702.34200000,1727999999999
2024-10-04,544.80000000,557.80000000,541.80000000,555.30000000,186169.62800000,1728086399999
2024-10-05,555.30000000,565.20000000,551.60000000,563.00000000,124906.38200000,1728172799999
2024-10-06,563.00000000,571.90000000,561.10000000,570.30000000,106787.34000000,1728259199999
2024-10-07,570.40000000,581.80000000,563.50000000,564.30000000,213046.67600000,1728345599999
2024-10-08,564.40000000,586.80000000,559.50000000,580.80000000,286276.17700000,1728431999999
2024-10-09,580.80000000,586.00000000,566.20000000,570.70000000,324396.05400000,1728518399999
2024-10-10,570.80000000,572.90000000,551.50000000,563.90000000,178198.30900000,1728604799999
2024-10-11,563.80000000,577.50000000,560.10000000,573.60000000,185095.35800000,1728691199999
2024-10-12,573.70000000,579.20000000,573.60000000,576.60000000,135773.95900000,1728777599999
2024-10-13,576.60000000,578.50000000,564.90000000,572.20000000,118779.97600000,1728863999999
2024-10-14,572.30000000,592.30000000,558.90000000,589.10000000,252803.17600000,1728950399999
2024-10-15,589.00000000,599.90000000,577.70000000,594.50000000,324305.89700000,1729036799999
2024-10-16,594.60000000,605.50000000,589.70000000,600.90000000,259951.12900000,1729123199999
2024-10-17,601.00000000,606.30000000,585.10000000,592.90000000,194199.41600000,1729209599999
2024-10-18,592.90000000,602.40000000,591.80000000,599.20000000,136743.66900000,1729295999999
2024-10-19,599.30000000,601.40000000,595.40000000,597.70000000,78940.23900000,1729382399999
2024-10-20,597.80000000,607.30000000,593.10000000,605.90000000,123572.05700000,1729468799999
2024-10-21,605.90000000,611.80000000,591.50000000,598.80000000,275880.77800000,1729555199999
2024-10-22,598.80000000,609.00000000,587.00000000,593.80000000,203756.93400000,1729641599999
2024-10-23,593.80000000,595.00000000,573.00000000,584.90000000,225698.46500000,1729727999999
2024-10-24,584.90000000,598.00000000,583.30000000,594.50000000,145781.53700000,1729814399999
2024-10-25,594.50000000,597.60000000,565.80000000,575.30000000,254214.69300000,1729900799999
2024-10-26,575.30000000,587.10000000,571.60000000,583.40000000,119987.43700000,1729987199999
2024-10-27,583.40000000,591.00000000,581.70000000,589.20000000,94455.09900000,1730073599999
2024-10-28,589.30000000,604.60000000,585.50000000,601.10000000,189815.88200000,1730159999999
2024-10-29,601.10000000,612.20000000,599.90000000,606.30000000,301555.35700000,1730246399999
2024-10-30,606.30000000,606.70000000,594.10000000,595.60000000,186706.28100000,1730332799999
2024-10-31,595.50000000,596.50000000,571.10000000,576.60000000,279156.17500000,1730419199999
2024-11-01,576.50000000,585.50000000,567.70000000,573.10000000,242255.18400000,1730505599999
2024-11-02,573.10000000,577.20000000,562.40000000,568.60000000,143716.60300000,1730591999999
2024-11-03,568.60000000,569.30000000,547.00000000,557.70000000,217508.46800000,1730678399999
2024-11-04,557.70000000,564.80000000,543.60000000,552.50000000,264951.83300000,1730764799999
2024-11-05,552.51000000,572.80000000,551.22000000,563.21000000,211437.75300000,1730851199999
2024-11-06,563.21000000,595.00000000,563.00000000,592.22000000,535934.92700000,1730937599999
2024-11-07,592.22000000,611.20000000,587.01000000,598.26000000,377600.50600000,1731023999999
2024-11-08,598.27000000,605.90000000,588.10000000,597.82000000,318752.71800000,1731110399999
2024-11-09,597.82000000,638.00000000,597.51000000,624.66000000,772172.65500000,1731196799999
2024-11-10,624.67000000,644.20000000,611.62000000,627.33000000,812783.74700000,1731283199999
2024-11-11,627.34000000,665.54000000,613.00000000,659.63000000,1006384.73800000,1731369599999
2024-11-12,659.63000000,667.40000000,610.00000000,625.33000000,1166459.01300000,1731455999999
2024-11-13,625.42000000,638.06000000,598.60000000,620.68000000,1034672.11400000,1731542399999
2024-11-14,620.68000000,660.40000000,610.50000000,622.30000000,1060649.70000000,1731628799999
2024-11-15,622.30000000,628.30000000,603.40000000,619.37000000,654908.22100000,1731715199999
2024-11-16,619.37000000,633.70000000,617.50000000,622.69000000,447887.92300000,1731801599999
2024-11-17,622.69000000,647.60000000,605.20000000,618.90000000,595820.37600000,1731887999999
2024-11-18,618.93000000,630.91000000,612.10000000,618.93000000,483382.13600000,1731974399999
2024-11-19,618.93000000,621.41000000,605.21000000,615.50000000,420441.21000000,1732060799999
2024-11-20,615.49000000,620.78000000,600.00000000,605.39000000,411142.62800000,1732147199999
2024-11-21,605.39000000,629.37000000,593.05000000,621.86000000,647295.15800000,1732233599999
2024-11-22,621.86000000,639.64000000,615.05000000,633.00000000,582665.92300000,1732319999999
2024-11-23,633.00000000,680.00000000,631.10000000,650.42000000,1071184.97200000,1732406399999
2024-11-24,650.42000000,687.75000000,637.08000000,659.65000000,914571.36800000,1732492799999
2024-11-25,659.65000000,676.79000000,626.43000000,636.20000000,783511.29000000,1732579199999
2024-11-26,636.16000000,645.57000000,600.02000000,613.51000000,814621.93800000,1732665599999
2024-11-27,613.50000000,646.75000000,607.79000000,644.14000000,629623.88500000,1732751999999
2024-11-28,644.15000000,664.68000000,639.79000000,653.83000000,684789.62800000,1732838399999
2024-11-29,653.84000000,663.80000000,648.42000000,654.67000000,429893.73000000,1732924799999
2024-11-30,654.67000000,677.20000000,648.00000000,653.43000000,545812.56900000,1733011199999
2024-12-01,653.44000000,664.17000000,645.16000000,655.99000000,434417.25300000,1733097599999
2024-12-02,656.00000000,667.20000000,627.99000000,647.82000000,771630.19200000,1733183999999
2024-12-03,647.83000000,750.01000000,622.85000000,734.64000000,1575647.79800000,1733270399999
2024-12-04,734.64000000,793.86000000,720.00000000,739.53000000,2092976.42800000,1733356799999
2024-12-05,739.54000000,739.90000000,690.00000000,717.10000000,1159099.38800000,1733443199999
2024-12-06,717.10000000,745.93000000,705.06000000,730.22000000,747138.47500000,1733529599999
2024-12-07,730.22000000,761.00000000,729.69000000,749.72000000,445276.17300000,1733615999999
2024-12-08,749.71000000,757.26000000,727.47000000,742.00000000,343120.56400000,1733702399999
2024-12-09,742.00000000,742.50000000,642.00000000,689.19000000,1068109.72400000,1733788799999
2024-12-10,689.20000000,704.92000000,649.13000000,676.80000000,984801.75000000,1733875199999
2024-12-11,676.80000000,713.00000000,658.54000000,711.21000000,526819.30200000,1733961599999
2024-12-12,711.20000000,725.61000000,699.36000000,705.77000000,576876.96500000,1734047999999
2024-12-13,705.77000000,729.88000000,696.80000000,725.72000000,548598.29400000,1734134399999
2024-12-14,725.73000000,732.11000000,705.01000000,715.79000000,341929.14500000,1734220799999
2024-12-15,715.80000000,724.08000000,702.66000000,718.87000000,282457.79500000,1734307199999
2024-12-16,718.87000000,730.00000000,704.16000000,720.58000000,483844.55300000,1734393599999
2024-12-17,720.58000000,737.37000000,712.24000000,717.69000000,502868.87200000,1734479999999
2024-12-18,717.70000000,722.00000000,681.00000000,686.38000000,726576.02200000,1734566399999
2024-12-19,686.39000000,705.57000000,648.63000000,665.62000000,840266.48000000,1734652799999
2024-12-20,665.61000000,680.58000000,618.69000000,678.60000000,982349.40600000,1734739199999
2024-12-21,678.60000000,693.39000000,652.00000000,663.49000000,529437.78900000,1734825599999
2024-12-22,663.50000000,669.71000000,639.37000000,649.77000000,333704.37600000,1734911999999
2024-12-23,649.77000000,698.50000000,638.10000000,694.16000000,606364.09100000,1734998399999
2024-12-24,694.16000000,699.00000000,682.68000000,696.90000000,386936.21700000,1735084799999
2024-12-25,696.89000000,713.28000000,695.94000000,702.72000000,232510.25000000,1735171199999
2024-12-26,702.71000000,719.99000000,683.00000000,689.40000000,381100.00200000,1735257599999
2024-12-27,689.40000000,718.88000000,685.73000000,691.85000000,347156.04300000,1735343999999
2024-12-28,691.86000000,731.24000000,691.30000000,722.13000000,344251.86100000,1735430399999
2024-12-29,722.13000000,724.70000000,690.00000000,694.71000000,241528.14400000,1735516799999
2024-12-30,694.71000000,712.20000000,687.75000000,705.36000000,297267.10300000,1735603199999
2024-12-31,705.35000000,714.99000000,698.48000000,702.30000000,235464.83200000,1735689599999
2025-01-01,702.31000000,711.50000000,700.30000000,707.84000000,135703.33900000,1735775999999
2025-01-02,707.84000000,715.80000000,698.04000000,706.25000000,292533.81100000,1735862399999
2025-01-03,706.24000000,715.69000000,697.03000000,714.88000000,291701.67500000,1735948799999
2025-01-04,714.87000000,721.84000000,707.82000000,713.41000000,167274.26200000,1736035199999
2025-01-05,713.41000000,713.93000000,702.51000000,709.29000000,115144.34500000,1736121599999
2025-01-06,709.29000000,745.29000000,705.91000000,729.42000000,357347.85900000,1736207999999
2025-01-07,729.42000000,733.33000000,691.20000000,698.01000000,436096.68200000,1736294399999
2025-01-08,698.00000000,707.46000000,674.72000000,696.03000000,427277.95700000,1736380799999
2025-01-09,696.03000000,701.72000000,675.12000000,685.48000000,331906.57800000,1736467199999
2025-01-10,685.47000000,700.69000000,683.18000000,693.21000000,234590.48700000,1736553599999
2025-01-11,693.21000000,701.47000000,690.39000000,696.70000000,87734.79000000,1736639999999
2025-01-12,696.71000000,698.63000000,689.80000000,693.34000000,78211.29500000,1736726399999
2025-01-13,693.35000000,700.00000000,660.00000000,688.64000000,386629.94300000,1736812799999
2025-01-14,688.64000000,699.97000000,686.30000000,698.89000000,159723.60900000,1736899199999
2025-01-15,698.89000000,715.00000000,688.45000000,714.59000000,282718.75200000,1736985599999
2025-01-16,714.59000000,717.50000000,700.50000000,708.10000000,268104.72600000,1737071999999
2025-01-17,708.10000000,729.97000000,708.10000000,721.76000000,289751.27800000,1737158399999
2025-01-18,721.76000000,723.32000000,695.00000000,709.52000000,370480.45600000,1737244799999
2025-01-19,709.52000000,714.60000000,676.00000000,683.19000000,712985.29800000,1737331199999
2025-01-20,683.20000000,709.38000000,671.00000000,682.51000000,668236.48700000,1737417599999
2025-01-21,682.51000000,697.00000000,675.01000000,692.21000000,294203.47100000,1737503999999
2025-01-22,692.21000000,704.13000000,689.93000000,695.52000000,218410.23300000,1737590399999
2025-01-23,695.52000000,697.65000000,680.26000000,689.74000000,331191.45600000,1737676799999
2025-01-24,689.73000000,691.31000000,678.75000000,680.45000000,280584.30500000,1737763199999
2025-01-25,680.45000000,689.56000000,677.68000000,686.40000000,140203.27600000,1737849599999
2025-01-26,686.40000000,690.82000000,664.64000000,667.37000000,195887.16800000,1737935999999
2025-01-27,667.36000000,680.53000000,637.79000000,679.74000000,486667.79500000,1738022399999
2025-01-28,679.75000000,682.88000000,659.40000000,661.29000000,202591.47400000,1738108799999
2025-01-29,661.28000000,680.01000000,659.37000000,667.97000000,255536.13800000,1738195199999
2025-01-30,667.97000000,682.99000000,666.00000000,677.53000000,145419.42100000,1738281599999
2025-01-31,677.53000000,689.44000000,673.50000000,677.47000000,190707.86100000,1738367999999
2025-02-01,677.48000000,681.56000000,650.73000000,652.94000000,177371.37200000,1738454399999
2025-02-02,652.94000000,663.22000000,600.00000000,617.80000000,506728.60300000,1738540799999
2025-02-03,617.80000000,619.19000000,500.00000000,617.21000000,1340856.88500000,1738627199999
2025-02-04,617.21000000,619.24000000,557.88000000,572.69000000,549571.47300000,1738713599999
2025-02-05,572.69000000,580.00000000,561.22000000,569.55000000,227055.22500000,1738799999999
2025-02-06,569.55000000,589.99000000,568.87000000,571.72000000,334342.95300000,1738886399999
2025-02-07,571.71000000,589.90000000,570.58000000,577.71000000,222673.88000000,1738972799999
2025-02-08,577.70000000,633.73000000,573.62000000,612.39000000,490805.54600000,1739059199999
2025-02-09,612.39000000,648.13000000,602.40000000,615.81000000,774091.07100000,1739145599999
2025-02-10,615.81000000,622.42000000,596.24000000,618.65000000,360129.03800000,1739231999999
2025-02-11,618.65000000,646.94000000,615.08000000,642.11000000,488539.29100000,1739318399999
2025-02-12,642.12000000,705.48000000,626.88000000,696.93000000,822216.62300000,1739404799999
2025-02-13,696.92000000,732.00000000,658.28000000,664.72000000,1766921.69500000,1739491199999
2025-02-14,664.73000000,684.86000000,652.00000000,659.71000000,650460.87500000,1739577599999
2025-02-15,659.72000000,671.43000000,653.46000000,662.21000000,255950.89700000,1739663999999
2025-02-16,662.21000000,686.04000000,653.11000000,673.10000000,362205.96300000,1739750399999
2025-02-17,673.10000000,682.29000000,657.99000000,667.51000000,323350.27600000,1739836799999
2025-02-18,667.52000000,668.30000000,629.65000000,648.18000000,366356.98800000,1739923199999
2025-02-19,648.19000000,664.44000000,636.99000000,653.38000000,352798.24300000,1740009599999
2025-02-20,653.38000000,659.03000000,645.88000000,656.36000000,215894.36800000,1740095999999
2025-02-21,656.36000000,668.50000000,635.00000000,647.47000000,317327.15500000,1740182399999
2025-02-22,647.47000000,679.90000000,645.21000000,668.57000000,297923.18400000,1740268799999
2025-02-23,668.57000000,671.10000000,648.49000000,658.42000000,166658.01300000,1740355199999
2025-02-24,658.41000000,659.56000000,610.60000000,614.20000000,360147.15300000,1740441599999
2025-02-25,614.19000000,628.70000000,586.00000000,623.49000000,647434.61200000,1740527999999
2025-02-26,623.49000000,632.14000000,594.07000000,611.57000000,428035.43100000,1740614399999
2025-02-27,611.57000000,619.77000000,595.84000000,605.41000000,295518.11600000,1740700799999
2025-02-28,605.41000000,606.33000000,559.71000000,588.07000000,600999.31900000,1740787199999
2025-03-01,588.07000000,609.48000000,586.40000000,607.93000000,292254.35600000,1740873599999
2025-03-02,607.94000000,635.01000000,601.50000000,623.94000000,469069.23000000,1740959999999
2025-03-03,623.94000000,624.36000000,567.50000000,576.10000000,497949.87900000,1741046399999
2025-03-04,576.09000000,588.75000000,546.83000000,584.01000000,488869.85100000,1741132799999
2025-03-05,584.01000000,606.06000000,580.57000000,598.24000000,206205.98800000,1741219199999
2025-03-06,598.25000000,612.90000000,589.20000000,596.50000000,223701.39000000,1741305599999
2025-03-07,596.49000000,610.20000000,577.23000000,594.77000000,289363.93300000,1741391999999
2025-03-08,594.77000000,602.77000000,590.11000000,593.10000000,117220.63100000,1741478399999
2025-03-09,593.10000000,593.10000000,550.20000000,554.65000000,246382.90400000,1741564799999
2025-03-10,554.65000000,573.40000000,523.01000000,531.49000000,410154.62000000,1741651199999
2025-03-11,531.49000000,566.00000000,507.00000000,551.61000000,691870.52100000,1741737599999
2025-03-12,551.61000000,574.95000000,544.63000000,569.87000000,367224.21100000,1741823999999
2025-03-13,569.87000000,613.71000000,567.99000000,579.80000000,647497.02800000,1741910399999
2025-03-14,579.80000000,589.81000000,576.61000000,587.76000000,213012.08200000,1741996799999
2025-03-15,587.76000000,619.96000000,587.49000000,619.83000000,254324.00900000,1742083199999
2025-03-16,619.82000000,622.80000000,593.06000000,602.20000000,255774.31600000,1742169599999
2025-03-17,602.21000000,643.72000000,602.04000000,631.69000000,591668.18400000,1742255999999
2025-03-18,631.68000000,643.33000000,620.28000000,627.81000000,443437.83300000,1742342399999
2025-03-19,627.81000000,628.20000000,604.36000000,618.70000000,399993.64500000,1742428799999
2025-03-20,618.71000000,637.75000000,616.55000000,630.47000000,578472.12500000,1742515199999
2025-03-21,630.47000000,637.80000000,624.92000000,635.17000000,262205.56900000,1742601599999
2025-03-22,635.16000000,636.10000000,623.79000000,627.01000000,140206.08300000,1742687999999
2025-03-23,627.01000000,629.14000000,619.50000000,623.79000000,155602.57800000,1742774399999
2025-03-24,623.80000000,639.50000000,618.00000000,637.08000000,307575.99100000,1742860799999
2025-03-25,637.08000000,644.88000000,627.05000000,629.82000000,554571.55700000,1742947199999
2025-03-26,629.82000000,634.01000000,615.30000000,617.99000000,222093.83500000,1743033599999
2025-03-27,618.00000000,642.50000000,617.20000000,637.36000000,743401.84700000,1743119999999
2025-03-28,637.36000000,637.51000000,616.00000000,619.81000000,317817.16000000,1743206399999
2025-03-29,619.81000000,623.84000000,596.97000000,602.99000000,254422.26100000,1743292799999
2025-03-30,603.00000000,613.37000000,593.58000000,602.20000000,195649.40500000,1743379199999
2025-03-31,602.20000000,608.89000000,587.26000000,604.81000000,254764.26900000,1743465599999
2025-04-01,604.81000000,618.54000000,604.46000000,611.13000000,565603.06900000,1743551999999
2025-04-02,611.12000000,614.00000000,584.85000000,590.68000000,399507.95700000,1743638399999
2025-04-03,590.67000000,610.58000000,578.46000000,592.67000000,507928.51400000,1743724799999
2025-04-04,592.68000000,600.00000000,585.00000000,597.71000000,177145.40500000,1743811199999
2025-04-05,597.71000000,599.00000000,588.71000000,593.13000000,85938.07900000,1743897599999
2025-04-06,593.13000000,593.78000000,544.17000000,555.54000000,332256.26500000,1743983999999
2025-04-07,555.55000000,567.60000000,520.00000000,554.60000000,727293.86000000,1744070399999
2025-04-08,554.60000000,566.00000000,547.64000000,553.72000000,212191.86000000,1744156799999
2025-04-09,553.72000000,585.97000000,534.30000000,582.32000000,378370.12700000,1744243199999
2025-04-10,582.32000000,583.58000000,566.17000000,578.03000000,369219.86300000,1744329599999
2025-04-11,578.03000000,590.36000000,575.70000000,585.93000000,174700.72000000,1744415999999
2025-04-12,585.93000000,600.48000000,584.00000000,597.29000000,151268.70800000,1744502399999
2025-04-13,597.30000000,598.67000000,580.32000000,584.28000000,144896.28500000,1744588799999
2025-04-14,584.29000000,593.10000000,583.14000000,584.54000000,153827.79500000,1744675199999
2025-04-15,584.53000000,590.84000000,579.38000000,579.52000000,141640.57900000,1744761599999
2025-04-16,579.52000000,587.00000000,576.00000000,582.80000000,174537.94800000,1744847999999
2025-04-17,582.80000000,592.97000000,581.00000000,590.49000000,151848.25900000,1744934399999
2025-04-18,590.50000000,596.08000000,587.08000000,591.71000000,191575.74800000,1745020799999
2025-04-19,591.70000000,594.49000000,587.70000000,591.73000000,96609.00300000,1745107199999
2025-04-20,591.74000000,595.23000000,587.50000000,592.77000000,115343.59800000,1745193599999
2025-04-21,592.77000000,608.52000000,592.53000000,597.34000000,171926.42200000,1745279999999
2025-04-22,597.32000000,619.90000000,595.00000000,618.51000000,285468.16400000,1745366399999
2025-04-23,618.50000000,619.99000000,601.38000000,605.71000000,314125.44800000,1745452799999
2025-04-24,605.72000000,606.78000000,592.59000000,601.55000000,204214.28000000,1745539199999
2025-04-25,601.56000000,610.35000000,597.20000000,599.91000000,257426.55400000,1745625599999
2025-04-26,599.90000000,609.25000000,599.34000000,607.23000000,137533.14200000,1745711999999
2025-04-27,607.23000000,608.68000000,597.00000000,603.46000000,121784.47600000,1745798399999
2025-04-28,603.46000000,608.27000000,598.20000000,606.16000000,143778.00800000,1745884799999
2025-04-29,606.16000000,610.75000000,598.10000000,601.00000000,236809.99700000,1745971199999
2025-04-30,601.00000000,604.44000000,591.42000000,599.88000000,210580.66400000,1746057599999
2025-05-01,599.88000000,605.28000000,598.14000000,599.63000000,156229.22900000,1746143999999
2025-05-02,599.64000000,603.61000000,595.12000000,600.69000000,141344.86500000,1746230399999
2025-05-03,600.69000000,601.20000000,595.23000000,599.36000000,100770.29400000,1746316799999
2025-05-04,599.36000000,600.49000000,584.70000000,586.03000000,143960.83500000,1746403199999
2025-05-05,586.02000000,599.98000000,583.55000000,597.61000000,201100.58900000,1746489599999
2025-05-06,597.61000000,603.18000000,593.23000000,602.57000000,214613.10700000,1746575999999
2025-05-07,602.57000000,609.07000000,597.89000000,602.70000000,194088.59100000,1746662399999
2025-05-08,602.70000000,629.33000000,600.80000000,629.17000000,384267.52500000,1746748799999
2025-05-09,629.17000000,671.15000000,623.12000000,666.29000000,480734.86900000,1746835199999
2025-05-10,666.29000000,678.95000000,648.83000000,663.90000000,444595.43000000,1746921599999
2025-05-11,663.90000000,668.49000000,647.83000000,651.15000000,319998.95900000,1747007999999
2025-05-12,651.15000000,693.00000000,647.31000000,660.07000000,586386.94500000,1747094399999
2025-05-13,660.08000000,672.00000000,640.66000000,664.13000000,416309.75000000,1747180799999
2025-05-14,664.12000000,667.33000000,647.15000000,652.47000000,290029.99400000,1747267199999
2025-05-15,652.47000000,661.00000000,642.29000000,651.88000000,313560.81300000,1747353599999
2025-05-16,651.88000000,659.97000000,644.00000000,646.76000000,200793.60700000,1747439999999
2025-05-17,646.76000000,646.90000000,635.05000000,639.51000000,141777.71100000,1747526399999
2025-05-18,639.50000000,655.19000000,634.39000000,651.53000000,189475.29600000,1747612799999
2025-05-19,651.54000000,653.53000000,633.51000000,649.62000000,210901.52000000,1747699199999
2025-05-20,649.62000000,653.75000000,640.14000000,650.00000000,169584.29100000,1747785599999
2025-05-21,650.00000000,678.00000000,648.49000000,673.31000000,470531.89500000,1747871999999
2025-05-22,673.31000000,690.02000000,673.00000000,686.57000000,390007.99600000,1747958399999
2025-05-23,686.57000000,691.35000000,652.19000000,656.98000000,343668.70700000,1748044799999
2025-05-24,656.99000000,677.47000000,655.40000000,668.01000000,165142.03900000,1748131199999
2025-05-25,668.00000000,671.67000000,657.10000000,669.44000000,169208.32200000,1748217599999
2025-05-26,669.45000000,678.33000000,668.22000000,674.29000000,180148.25200000,1748303999999
2025-05-27,674.30000000,697.73000000,666.56000000,686.91000000,326163.49100000,1748390399999
2025-05-28,686.90000000,689.22000000,680.04000000,686.89000000,211875.74300000,1748476799999
2025-05-29,686.89000000,691.24000000,673.33000000,675.02000000,260985.13600000,1748563199999
2025-05-30,675.02000000,678.50000000,653.22000000,655.36000000,218723.50900000,1748649599999
2025-05-31,655.36000000,661.42000000,645.04000000,658.01000000,158379.39000000,1748735999999
2025-06-01,658.01000000,662.48000000,647.58000000,660.77000000,131807.44800000,1748822399999
2025-06-02,660.77000000,667.00000000,650.05000000,665.93000000,143785.60500000,1748908799999
2025-06-03,665.93000000,673.43000000,657.11000000,661.59000000,158377.45900000,1748995199999
2025-06-04,661.60000000,671.76000000,660.84000000,663.23000000,124473.80200000,1749081599999
2025-06-05,663.24000000,670.92000000,625.44000000,633.32000000,271543.14900000,1749167999999
2025-06-06,633.33000000,651.51000000,629.38000000,642.70000000,169535.95700000,1749254399999
2025-06-07,642.71000000,653.81000000,639.69000000,650.82000000,90666.37000000,1749340799999
2025-06-08,650.82000000,656.39000000,646.49000000,652.00000000,72300.31400000,1749427199999
2025-06-09,652.00000000,667.74000000,648.01000000,665.58000000,127272.15800000,1749513599999
2025-06-10,665.58000000,674.00000000,657.26000000,673.51000000,176645.05600000,1749599999999
2025-06-11,673.51000000,674.80000000,662.20000000,667.43000000,177934.08500000,1749686399999
2025-06-12,667.42000000,669.93000000,651.91000000,654.75000000,152793.97500000,1749772799999
2025-06-13,654.76000000,659.42000000,639.01000000,655.35000000,223303.91700000,1749859199999
2025-06-14,655.35000000,655.36000000,639.00000000,645.61000000,93690.14300000,1749945599999
2025-06-15,645.61000000,652.00000000,642.77000000,648.19000000,79324.64600000,1750031999999
2025-06-16,648.19000000,659.46000000,646.26000000,650.74000000,124203.78700000,1750118399999
2025-06-17,650.74000000,659.00000000,640.11000000,648.08000000,182982.26300000,1750204799999
2025-06-18,648.09000000,654.31000000,637.35000000,644.77000000,143725.67400000,1750291199999
2025-06-19,644.77000000,646.50000000,638.66000000,644.65000000,80404.98500000,1750377599999
2025-06-20,644.65000000,651.02000000,638.00000000,641.61000000,143279.62200000,1750463999999
2025-06-21,641.61000000,644.84000000,621.94000000,628.97000000,143508.11600000,1750550399999
2025-06-22,628.98000000,635.51000000,601.25000000,615.81000000,243515.03300000,1750636799999
2025-06-23,615.81000000,642.79000000,615.05000000,640.49000000,219674.32900000,1750723199999
2025-06-24,640.50000000,644.09000000,636.17000000,643.53000000,131607.23100000,1750809599999
2025-06-25,643.53000000,652.64000000,641.85000000,646.07000000,169433.15400000,1750895999999
2025-06-26,646.06000000,650.00000000,641.12000000,642.30000000,103057.28600000,1750982399999
2025-06-27,642.30000000,648.44000000,639.16000000,645.71000000,81302.95500000,1751068799999
2025-06-28,645.72000000,649.18000000,644.25000000,648.60000000,57714.96500000,1751155199999
2025-06-29,648.61000000,656.00000000,646.72000000,654.90000000,73235.79600000,1751241599999
2025-06-30,654.90000000,660.00000000,651.17000000,656.90000000,110702.19600000,1751327999999
2025-07-01,656.90000000,659.10000000,644.00000000,646.33000000,85803.05500000,1751414399999
2025-07-02,646.34000000,664.85000000,643.71000000,659.71000000,112807.95500000,1751500799999
2025-07-03,659.70000000,664.57000000,656.70000000,663.59000000,99001.43600000,1751587199999
2025-07-04,663.58000000,664.17000000,650.21000000,653.60000000,89027.41200000,1751673599999
2025-07-05,653.60000000,656.75000000,652.00000000,656.16000000,51648.28900000,1751759999999
2025-07-06,656.17000000,664.99000000,653.54000000,663.13000000,82399.11900000,1751846399999
2025-07-07,663.13000000,663.50000000,656.77000000,661.06000000,83232.98400000,1751932799999
2025-07-08,661.06000000,662.60000000,657.36000000,660.63000000,86374.04200000,1752019199999
2025-07-09,660.63000000,671.50000000,659.05000000,668.68000000,123551.59500000,1752105599999
2025-07-10,668.69000000,687.70000000,667.25000000,685.80000000,214967.53600000,1752191999999
2025-07-11,685.80000000,697.24000000,682.83000000,689.99000000,268353.90400000,1752278399999
2025-07-12,689.98000000,697.00000000,679.63000000,685.86000000,134785.18500000,1752364799999
2025-07-13,685.86000000,694.12000000,685.12000000,692.00000000,84925.72300000,1752451199999
2025-07-14,692.01000000,707.54000000,686.05000000,689.12000000,253634.99600000,1752537599999
2025-07-15,689.13000000,693.21000000,675.30000000,689.92000000,188962.49100000,1752623999999
2025-07-16,689.93000000,715.56000000,685.20000000,708.61000000,238334.93800000,1752710399999
2025-07-17,708.61000000,727.85000000,706.14000000,720.65000000,409572.67500000,1752796799999
2025-07-18,720.64000000,765.56000000,718.73000000,729.92000000,556430.08500000,1752883199999
2025-07-19,729.92000000,742.50000000,718.76000000,733.20000000,188095.81000000,1752969599999
2025-07-20,733.20000000,761.29000000,731.50000000,756.82000000,253255.20300000,1753055999999
2025-07-21,756.82000000,781.99000000,746.06000000,766.22000000,338419.95200000,1753142399999
2025-07-22,766.22000000,788.35000000,745.00000000,786.68000000,359074.05600000,1753228799999
2025-07-23,786.69000000,809.84000000,752.47000000,776.74000000,709087.15660000,1753315199999
2025-07-24,776.74000000,786.16000000,742.62000000,770.74000000,363436.73700000,1753401599999
2025-07-25,770.74000000,786.00000000,752.22000000,785.45000000,284068.12100000,1753487999999
2025-07-26,785.44000000,798.00000000,778.28000000,793.29000000,128764.39100000,1753574399999
2025-07-27,793.30000000,847.12000000,791.04000000,844.00000000,397296.25550000,1753660799999
2025-07-28,844.00000000,861.10000000,820.64000000,824.07000000,517734.69120000,1753747199999
2025-07-29,824.07000000,835.06000000,800.12000000,805.10000000,427366.13200000,1753833599999
2025-07-30,805.11000000,811.64000000,766.21000000,793.51000000,369598.73600000,1753919999999
2025-07-31,793.51000000,814.80000000,781.38000000,783.14000000,335026.14500000,1754006399999
2025-08-01,783.13000000,795.40000000,744.69000000,757.08000000,393831.55800000,1754092799999
2025-08-02,757.08000000,770.11000000,732.36000000,736.42000000,209282.99200000,1754179199999
2025-08-03,736.43000000,755.53000000,730.01000000,751.21000000,142700.96500000,1754265599999
2025-08-04,751.21000000,770.00000000,750.47000000,768.63000000,171505.40600000,1754351999999
2025-08-05,768.62000000,769.79000000,745.11000000,755.13000000,179458.96000000,1754438399999
2025-08-06,755.13000000,774.84000000,746.26000000,769.55000000,163684.71000000,1754524799999
2025-08-07,769.55000000,788.68000000,764.17000000,788.67000000,188106.80200000,1754611199999
2025-08-08,788.67000000,798.50000000,780.74000000,793.50000000,195309.71800000,1754697599999
2025-08-09,793.50000000,819.44000000,792.81000000,798.83000000,202384.75300000,1754783999999
2025-08-10,798.83000000,815.50000000,793.68000000,807.22000000,162735.30300000,1754870399999
2025-08-11,807.22000000,827.59000000,792.00000000,805.09000000,316220.57200000,1754956799999
2025-08-12,805.09000000,839.90000000,797.73000000,832.47000000,268762.25900000,1755043199999
2025-08-13,832.48000000,858.89000000,828.23000000,848.01000000,395861.31300000,1755129599999
2025-08-14,848.02000000,869.40000000,820.60000000,840.42000000,592656.97930000,1755215999999
2025-08-15,840.42000000,853.53000000,812.57000000,827.81000000,252091.10800000,1755302399999
2025-08-16,827.80000000,839.79000000,825.06000000,838.71000000,114512.10000000,1755388799999
2025-08-17,838.71000000,864.00000000,838.04000000,855.38000000,164953.85600000,1755475199999
2025-08-18,855.38000000,858.51000000,825.00000000,846.99000000,233741.60300000,1755561599999
2025-08-19,847.00000000,851.95000000,823.00000000,824.11000000,211802.02600000,1755647999999
2025-08-20,824.10000000,881.02000000,818.57000000,869.05000000,392159.86150000,1755734399999
2025-08-21,869.05000000,883.86000000,833.46000000,839.49000000,277889.67600000,1755820799999
2025-08-22,839.49000000,900.71000000,839.23000000,900.21000000,430842.53170000,1755907199999
2025-08-23,900.20000000,900.21000000,875.55000000,880.42000000,209279.87200000,1755993599999
2025-08-24,880.42000000,886.66000000,859.34000000,876.51000000,289492.31700000,1756079999999
2025-08-25,876.51000000,880.75000000,832.76000000,839.32000000,320570.15500000,1756166399999
2025-08-26,839.32000000,868.00000000,829.59000000,863.70000000,194882.08900000,1756252799999
2025-08-27,863.70000000,867.10000000,852.90000000,855.18000000,135243.45700000,1756339199999
2025-08-28,855.18000000,881.36000000,850.85000000,873.47000000,232414.92200000,1756425599999
2025-08-29,873.48000000,878.00000000,850.19000000,862.30000000,180524.21900000,1756511999999
2025-08-30,862.30000000,864.00000000,851.61000000,862.00000000,101039.98100000,1756598399999
2025-08-31,862.00000000,867.70000000,857.00000000,857.65000000,94241.19300000,1756684799999
2025-09-01,857.66000000,869.15000000,840.00000000,845.68000000,254185.71500000,1756771199999
2025-09-02,845.68000000,856.68000000,840.71000000,851.80000000,164333.16900000,1756857599999
2025-09-03,851.80000000,864.06000000,848.91000000,854.76000000,116453.02200000,1756943999999
2025-09-04,854.76000000,856.72000000,841.10000000,843.63000000,108195.90200000,1757030399999
2025-09-05,843.62000000,857.73000000,842.22000000,850.14000000,120856.95100000,1757116799999
2025-09-06,850.14000000,865.00000000,849.55000000,860.85000000,144234.05400000,1757203199999
2025-09-07,860.86000000,884.05000000,860.55000000,880.05000000,136538.05800000,1757289599999
2025-09-08,880.05000000,885.85000000,870.01000000,878.08000000,177574.78100000,1757375999999
2025-09-09,878.08000000,884.83000000,871.38000000,880.01000000,150610.03000000,1757462399999
2025-09-10,880.00000000,907.38000000,877.04000000,893.77000000,306830.17800000,1757548799999
2025-09-11,893.77000000,904.53000000,888.38000000,902.77000000,179913.18200000,1757635199999
2025-09-12,902.77000000,929.90000000,901.41000000,924.80000000,240267.93720000,1757721599999
2025-09-13,924.81000000,943.86000000,922.11000000,933.68000000,251751.23240000,1757807999999
2025-09-14,933.68000000,944.95000000,921.91000000,926.51000000,159814.97500000,1757894399999
2025-09-15,926.51000000,935.72000000,910.64000000,919.68000000,175249.08700000,1757980799999
2025-09-16,919.68000000,959.00000000,916.66000000,955.65000000,284918.83850000,1758067199999
2025-09-17,955.65000000,995.44000000,946.10000000,989.98000000,362193.19580000,1758153599999
2025-09-18,989.97000000,1006.88000000,979.48000000,981.04000000,402672.56170000,1758239999999
2025-09-19,981.05000000,1002.99000000,973.90000000,984.10000000,333582.76100000,1758326399999
2025-09-20,984.10000000,1048.00000000,982.90000000,1043.77000000,380966.07660000,1758412799999
2025-09-21,1043.77000000,1083.47000000,1039.20000000,1047.80000000,464411.28230000,1758499199999
2025-09-22,1047.80000000,1050.55000000,976.89000000,992.90000000,588730.39600000,1758585599999
2025-09-23,992.90000000,1027.37000000,962.38000000,1015.98000000,420071.07000000,1758671999999
2025-09-24,1015.98000000,1034.50000000,991.46000000,1018.49000000,363049.88200000,1758758399999
2025-09-25,1018.49000000,1019.90000000,939.55000000,945.90000000,635121.25400000,1758844799999
2025-09-26,945.90000000,966.23000000,932.01000000,960.80000000,384757.51400000,1758931199999
2025-09-27,960.81000000,985.79000000,955.56000000,968.45000000,245246.41500000,1759017599999
2025-09-28,968.46000000,993.65000000,962.68000000,993.01000000,188486.48000000,1759103999999
2025-09-29,993.01000000,1036.00000000,991.12000000,1029.79000000,291982.50000000,1759190399999
2025-09-30,1029.79000000,1034.01000000,992.93000000,1008.51000000,258830.97100000,1759276799999
2025-10-01,1008.51000000,1036.20000000,1003.35000000,1026.50000000,269007.81100000,1759363199999
2025-10-02,1026.50000000,1099.22000000,1022.01000000,1090.22000000,380679.44500000,1759449599999
2025-10-03,1090.22000000,1192.42000000,1083.84000000,1189.40000000,744996.72060000,1759535999999
2025-10-04,1189.40000000,1190.47000000,1134.93000000,1150.75000000,337438.50900000,1759622399999
2025-10-05,1150.75000000,1189.00000000,1143.14000000,1167.38000000,306730.17800000,1759708799999
2025-10-06,1167.38000000,1239.94000000,1161.85000000,1223.19000000,587477.56010000,1759795199999
2025-10-07,1223.17000000,1349.99000000,1204.61000000,1304.43000000,1351678.48870000,1759881599999
2025-10-08,1304.43000000,1334.19000000,1264.32000000,1307.40000000,826555.12300000,1759967999999
2025-10-09,1307.40000000,1320.00000000,1224.38000000,1255.35000000,925627.60400000,1760054399999
2025-10-10,1255.35000000,1278.52000000,860.11000000,1102.47000000,1505025.67300000,1760140799999
2025-10-11,1102.57000000,1182.76000000,1073.00000000,1135.07000000,1050905.24500000,1760227199999
2025-10-12,1135.07000000,1319.80000000,1107.43000000,1302.65000000,1205248.01600000,1760313599999
2025-10-13,1302.65000000,1375.11000000,1251.28000000,1294.55000000,1483076.97190000,1760399999999
2025-10-14,1294.54000000,1318.26000000,1143.01000000,1208.52000000,1398659.78200000,1760486399999
2025-10-15,1208.55000000,1222.76000000,1148.92000000,1162.57000000,707327.74700000,1760572799999
2025-10-16,1162.57000000,1195.00000000,1122.31000000,1144.83000000,716826.49700000,1760659199999
2025-10-17,1144.83000000,1156.30000000,1021.00000000,1071.15000000,1066221.77100000,1760745599999
2025-10-18,1071.15000000,1131.05000000,1069.41000000,1092.43000000,419996.51700000,1760831999999
2025-10-19,1092.42000000,1133.76000000,1068.04000000,1109.88000000,409987.57200000,1760918399999
2025-10-20,1109.88000000,1143.20000000,1088.19000000,1100.19000000,481311.05500000,1761004799999
2025-10-21,1100.20000000,1114.53000000,1052.46000000,1057.16000000,541524.50100000,1761091199999
2025-10-22,1057.16000000,1083.80000000,1053.25000000,1071.82000000,397249.06200000,1761177599999
2025-10-23,1071.83000000,1161.90000000,1071.83000000,1126.72000000,774946.71800000,1761263999999
2025-10-24,1126.71000000,1144.17000000,1097.39000000,1109.01000000,342712.64200000,1761350399999
2025-10-25,1109.00000000,1120.89000000,1100.96000000,1116.53000000,162716.58300000,1761436799999
2025-10-26,1116.53000000,1143.35000000,1114.48000000,1138.19000000,240939.54500000,1761523199999
2025-10-27,1138.19000000,1182.60000000,1131.44000000,1138.88000000,494467.69500000,1761609599999
2025-10-28,1138.88000000,1148.94000000,1074.00000000,1103.45000000,351579.17000000,1761695999999
2025-10-29,1103.45000000,1121.35000000,1082.59000000,1107.70000000,459713.49600000,1761782399999
2025-10-30,1107.70000000,1129.55000000,1043.48000000,1079.05000000,508291.65700000,1761868799999
2025-10-31,1079.06000000,1104.93000000,1071.43000000,1088.90000000,537669.64600000,1761955199999
2025-11-01,1088.90000000,1096.93000000,1081.80000000,1094.53000000,163493.54800000,1762041599999
2025-11-02,1094.54000000,1094.92000000,1071.74000000,1083.25000000,132402.54800000,1762127999999
2025-11-03,1083.25000000,1087.24000000,960.18000000,993.54000000,685198.88500000,1762214399999
2025-11-04,993.54000000,1002.12000000,880.80000000,936.77000000,985275.51800000,1762300799999
2025-11-05,936.79000000,969.27000000,900.39000000,959.33000000,526144.02700000,1762387199999
2025-11-06,959.32000000,965.23000000,925.07000000,950.40000000,312622.42500000,1762473599999
2025-11-07,950.40000000,995.60000000,925.70000000,991.15000000,452713.50400000,1762559999999
2025-11-08,991.14000000,1007.41000000,980.05000000,991.03000000,301705.68900000,1762646399999
2025-11-09,991.01000000,1007.16000000,975.84000000,996.63000000,256660.74800000,1762732799999
2025-11-10,996.63000000,1019.56000000,976.22000000,991.98000000,281128.79600000,1762819199999
2025-11-11,991.99000000,1008.60000000,956.08000000,958.08000000,283951.86900000,1762905599999
2025-11-12,958.08000000,978.61000000,937.90000000,952.86000000,216987.11600000,1762991999999
2025-11-13,952.87000000,972.20000000,905.72000000,927.15000000,334345.07800000,1763078399999
2025-11-14,927.15000000,934.04000000,887.88000000,915.25000000,438193.00800000,1763164799999
2025-11-15,915.26000000,945.22000000,914.91000000,932.28000000,161984.70500000,1763251199999
2025-11-16,932.27000000,949.77000000,908.16000000,926.56000000,252157.87700000,1763337599999
2025-11-17,926.59000000,939.55000000,891.72000000,907.36000000,332891.85600000,1763423999999
2025-11-18,907.36000000,939.99000000,884.40000000,932.79000000,357275.45800000,1763510399999
2025-11-19,932.79000000,941.06000000,872.38000000,897.77000000,296358.27400000,1763596799999
2025-11-20,897.78000000,917.00000000,865.57000000,866.51000000,301802.98100000,1763683199999
2025-11-21,866.51000000,877.33000000,790.79000000,830.46000000,654486.04900000,1763769599999
2025-11-22,830.47000000,842.93000000,813.77000000,833.78000000,167225.62000000,1763855999999
2025-11-23,833.78000000,855.46000000,833.28000000,843.60000000,167524.17700000,1763942399999
2025-11-24,843.60000000,876.30000000,830.01000000,864.92000000,248464.80200000,1764028799999
2025-11-25,864.90000000,867.66000000,837.47000000,862.57000000,158750.85900000,1764115199999
2025-11-26,862.58000000,897.25000000,851.72000000,891.78000000,159649.39200000,1764201599999
2025-11-27,891.77000000,904.86000000,883.80000000,895.74000000,141249.08400000,1764287999999
2025-11-28,895.75000000,906.50000000,876.15000000,887.19000000,174843.67700000,1764374399999
2025-11-29,887.20000000,889.00000000,868.25000000,872.90000000,80059.93200000,1764460799999
2025-11-30,872.90000000,899.75000000,869.56000000,875.31000000,106230.58700000,1764547199999
2025-12-01,875.30000000,877.12000000,801.70000000,826.61000000,342746.38500000,1764633599999
2025-12-02,826.60000000,885.00000000,820.46000000,876.61000000,233149.68000000,1764719999999
2025-12-03,876.60000000,922.63000000,873.60000000,920.76000000,227309.92900000,1764806399999
2025-12-04,920.77000000,928.24000000,886.79000000,899.92000000,165779.56300000,1764892799999
2025-12-05,899.92000000,907.92000000,870.18000000,883.57000000,137493.99900000,1764979199999
2025-12-06,883.57000000,897.90000000,878.01000000,890.38000000,81289.98100000,1765065599999
2025-12-07,890.38000000,906.00000000,870.23000000,894.37000000,131888.81400000,1765151999999
2025-12-08,894.38000000,913.29000000,888.93000000,897.12000000,121354.06000000,1765238399999
2025-12-09,897.13000000,928.00000000,881.78000000,897.30000000,209645.57300000,1765324799999
2025-12-10,897.30000000,915.00000000,884.27000000,893.43000000,186333.02100000,1765411199999
2025-12-11,893.43000000,894.70000000,859.54000000,885.91000000,182476.86400000,1765497599999
2025-12-12,885.92000000,896.07000000,870.58000000,881.58000000,110640.46600000,1765583999999
2025-12-13,881.59000000,904.22000000,880.32000000,896.82000000,92401.05400000,1765670399999
2025-12-14,896.82000000,899.50000000,870.11000000,877.27000000,110914.02800000,1765756799999
2025-12-15,877.27000000,895.42000000,840.75000000,858.60000000,210867.87100000,1765843199999
2025-12-16,858.61000000,878.44000000,847.00000000,875.63000000,240835.33600000,1765929599999
2025-12-17,875.64000000,876.16000000,833.39000000,843.07000000,378073.20900000,1766015999999
2025-12-18,843.07000000,853.49000000,818.39000000,830.07000000,432024.87800000,1766102399999
2025-12-19,830.08000000,862.33000000,822.38000000,856.17000000,1227346.95700000,1766188799999
2025-12-20,856.17000000,859.70000000,850.90000000,854.17000000,57015.13200000,1766275199999
2025-12-21,854.17000000,859.91000000,845.50000000,858.64000000,69986.81700000,1766361599999
2025-12-22,858.63000000,871.00000000,850.85000000,858.66000000,147275.98800000,1766447999999
2025-12-23,858.67000000,861.46000000,838.24000000,844.30000000,103894.87400000,1766534399999
2025-12-24,844.30000000,850.00000000,835.21000000,846.58000000,84917.78100000,1766620799999
2025-12-25,846.57000000,847.99000000,826.81000000,829.64000000,72777.08700000,1766707199999
2025-12-26,829.63000000,847.16000000,821.21000000,834.72000000,120232.78600000,1766793599999
2025-12-27,834.72000000,846.54000000,834.00000000,845.04000000,89882.36600000,1766879999999
2025-12-28,845.05000000,867.22000000,839.20000000,859.32000000,91601.98600000,1766966399999
2025-12-29,859.32000000,872.12000000,846.00000000,852.46000000,127151.44700000,1767052799999
2025-12-30,852.46000000,864.05000000,848.70000000,861.65000000,73233.04700000,1767139199999
2025-12-31,861.66000000,877.29000000,857.69000000,864.30000000,149994.61800000,1767225599999
2026-01-01,864.31000000,874.51000000,856.14000000,864.39000000,80713.66200000,1767311999999
2026-01-02,864.40000000,891.14000000,859.64000000,881.25000000,129071.74200000,1767398399999
2026-01-03,881.25000000,884.24000000,868.65000000,878.63000000,79965.20500000,1767484799999
2026-01-04,878.64000000,902.85000000,878.47000000,895.43000000,118687.10700000,1767571199999
2026-01-05,895.43000000,916.55000000,890.59000000,910.31000000,140352.78500000,1767657599999
2026-01-06,910.31000000,923.93000000,891.66000000,917.64000000,166897.18900000,1767743999999
2026-01-07,917.64000000,920.27000000,892.64000000,900.30000000,148651.79000000,1767830399999
2026-01-08,900.31000000,905.00000000,875.10000000,892.26000000,134522.75500000,1767916799999
2026-01-09,892.27000000,901.06000000,885.28000000,896.86000000,81581.36700000,1768003199999
2026-01-10,896.87000000,915.91000000,896.81000000,907.93000000,124912.49300000,1768089599999
2026-01-11,907.93000000,917.33000000,898.75000000,904.32000000,98621.08100000,1768175999999
2026-01-12,904.32000000,910.81000000,894.00000000,905.78000000,108522.17300000,1768262399999
2026-01-13,905.79000000,952.96000000,902.25000000,943.73000000,311914.99700000,1768348799999
2026-01-14,943.73000000,954.68000000,928.50000000,948.47000000,183208.69800000,1768435199999
2026-01-15,948.48000000,948.85000000,924.05000000,931.20000000,131201.46800000,1768521599999
2026-01-16,931.21000000,939.43000000,923.69000000,938.16000000,77470.38300000,1768607999999
2026-01-17,938.17000000,959.52000000,935.50000000,947.12000000,86187.33100000,1768694399999
2026-01-18,947.11000000,953.33000000,931.70000000,932.51000000,76848.25000000,1768780799999
2026-01-19,932.51000000,932.51000000,901.00000000,923.60000000,209440.56000000,1768867199999
2026-01-20,923.60000000,933.13000000,884.00000000,884.20000000,163760.22900000,1768953599999
2026-01-21,884.19000000,893.69000000,864.54000000,883.36000000,201618.22100000,1769039999999
2026-01-22,883.35000000,897.58000000,878.18000000,888.06000000,98786.47200000,1769126399999
2026-01-23,888.06000000,904.99000000,883.10000000,891.63000000,96135.61000000,1769212799999
2026-01-24,891.62000000,894.24000000,886.53000000,887.17000000,51272.56300000,1769299199999
2026-01-25,887.18000000,887.75000000,856.00000000,866.02000000,120780.22600000,1769385599999
2026-01-26,866.02000000,881.44000000,864.91000000,879.41000000,102700.70400000,1769471999999
2026-01-27,879.41000000,901.22000000,876.20000000,898.36000000,138529.63900000,1769558399999
2026-01-28,898.35000000,909.43000000,894.41000000,902.91000000,110273.24000000,1769644799999
2026-01-29,902.92000000,906.67000000,852.81000000,868.69000000,270228.68600000,1769731199999
2026-01-30,868.69000000,869.77000000,831.83000000,858.81000000,295951.35400000,1769817599999
2026-01-31,858.81000000,860.85000000,750.00000000,781.38000000,407306.15100000,1769903999999
2026-02-01,781.39000000,789.72000000,739.63000000,758.54000000,259125.52000000,1769990399999
2026-02-02,758.54000000,781.58000000,728.44000000,773.94000000,306663.48400000,1770076799999
2026-02-03,773.94000000,783.57000000,736.08000000,754.78000000,243948.82300000,1770163199999
2026-02-04,754.78000000,765.33000000,687.30000000,697.27000000,424472.16700000,1770249599999
2026-02-05,697.27000000,703.00000000,602.17000000,608.30000000,799178.67000000,1770335999999
2026-02-06,608.30000000,669.65000000,570.06000000,657.21000000,593322.59300000,1770422399999
2026-02-07,657.21000000,663.88000000,630.83000000,647.00000000,217520.60100000,1770508799999
2026-02-08,647.01000000,653.00000000,632.30000000,639.93000000,124172.09200000,1770595199999
2026-02-09,639.93000000,646.15000000,616.01000000,636.39000000,148751.24100000,1770681599999
2026-02-10,636.38000000,642.00000000,613.80000000,619.85000000,153549.27000000,1770767999999
2026-02-11,619.85000000,624.14000000,587.14000000,608.11000000,236351.53900000,1770854399999
2026-02-12,608.11000000,620.87000000,600.60000000,614.29000000,121298.45700000,1770940799999
2026-02-13,614.29000000,622.81000000,592.49000000,618.94000000,211419.81400000,1771027199999
2026-02-14,618.93000000,637.24000000,615.70000000,632.77000000,113845.92400000,1771113599999
2026-02-15,632.77000000,642.49000000,608.82000000,615.16000000,132426.59100000,1771199999999
2026-02-16,615.17000000,631.24000000,604.49000000,627.19000000,105660.88300000,1771286399999
2026-02-17,627.19000000,631.86000000,609.30000000,617.74000000,91934.08400000,1771372799999
2026-02-18,617.76000000,626.57000000,601.30000000,604.80000000,97256.01000000,1771459199999
2026-02-19,604.80000000,614.80000000,596.00000000,607.83000000,109354.36300000,1771545599999
2026-02-20,607.82000000,629.74000000,601.23000000,625.91000000,159590.80600000,1771631999999
2026-02-21,625.90000000,634.80000000,624.00000000,625.61000000,81656.56500000,1771718399999
2026-02-22,625.61000000,626.87000000,610.02000000,614.80000000,68568.87900000,1771804799999
2026-02-23,614.80000000,616.00000000,583.13000000,596.41000000,245062.96100000,1771891199999
2026-02-24,596.40000000,602.90000000,577.06000000,583.60000000,168285.85000000,1771977599999
2026-02-25,583.61000000,640.55000000,581.51000000,629.42000000,221645.31000000,1772063999999
2026-02-26,629.42000000,633.83000000,614.20000000,625.74000000,126675.34400000,1772150399999
2026-02-27,625.74000000,633.65000000,605.25000000,614.03000000,128167.72000000,1772236799999
2026-02-28,614.03000000,621.49000000,588.64000000,617.14000000,172105.10000000,1772323199999
2026-03-01,617.14000000,632.16000000,610.89000000,617.96000000,169960.92700000,1772409599999
2026-03-02,617.96000000,652.87000000,612.96000000,637.79000000,202581.15000000,1772495999999
2026-03-03,637.79000000,643.29000000,621.00000000,633.56000000,150191.05600000,1772582399999
2026-03-04,633.57000000,666.16000000,626.20000000,657.99000000,199919.68300000,1772668799999
2026-03-05,658.00000000,665.42000000,646.14000000,647.85000000,128037.62400000,1772755199999
2026-03-06,647.85000000,651.62000000,624.77000000,627.31000000,115031.73600000,1772841599999
2026-03-07,627.31000000,630.19000000,617.80000000,620.26000000,63118.81400000,1772927999999
2026-03-08,620.27000000,624.27000000,607.86000000,611.98000000,81939.55400000,1773014399999
2026-03-09,611.99000000,643.00000000,611.01000000,634.64000000,121341.37600000,1773100799999
2026-03-10,634.64000000,652.36000000,634.38000000,642.00000000,100783.44600000,1773187199999
2026-03-11,642.01000000,656.29000000,635.02000000,651.46000000,120145.81400000,1773273599999
2026-03-12,651.47000000,657.70000000,641.63000000,651.72000000,101534.05600000,1773359999999
2026-03-13,651.72000000,679.00000000,650.34000000,655.73000000,231981.00000000,1773446399999
2026-03-14,655.72000000,658.27000000,650.11000000,657.70000000,55240.26500000,1773532799999
2026-03-15,657.70000000,679.00000000,654.46000000,673.77000000,92999.09400000,1773619199999
2026-03-16,673.77000000,687.82000000,670.13000000,679.71000000,226915.25600000,1773705599999
2026-03-17,679.70000000,686.53000000,663.40000000,668.61000000,147117.03300000,1773791999999
2026-03-18,668.62000000,676.47000000,644.43000000,652.27000000,144505.18600000,1773878399999
2026-03-19,652.28000000,656.40000000,633.32000000,639.15000000,117679.65800000,1773964799999
2026-03-20,639.16000000,647.65000000,636.38000000,642.11000000,96688.00200000,1774051199999
2026-03-21,642.11000000,646.38000000,627.76000000,630.70000000,54236.69900000,1774137599999
2026-03-22,630.70000000,637.70000000,622.16000000,626.41000000,102353.57900000,1774223999999
2026-03-23,626.41000000,650.85000000,620.33000000,639.11000000,257556.87400000,1774310399999
2026-03-24,639.12000000,640.17000000,626.99000000,638.30000000,101174.29900000,1774396799999
2026-03-25,638.31000000,652.80000000,637.50000000,647.66000000,117518.94000000,1774483199999
2026-03-26,647.67000000,648.47000000,623.01000000,628.86000000,94718.07300000,1774569599999
2026-03-27,628.86000000,631.87000000,605.86000000,613.95000000,131734.63000000,1774655999999
2026-03-28,613.95000000,619.00000000,609.90000000,611.08000000,70087.88200000,1774742399999
2026-03-29,611.08000000,615.30000000,596.42000000,606.09000000,83411.71900000,1774828799999
2026-03-30,606.09000000,621.40000000,605.09000000,609.29000000,122880.08300000,1774915199999
2026-03-31,609.29000000,619.77000000,598.82000000,617.43000000,139130.61500000,1775001599999
2026-04-01,617.42000000,621.90000000,609.58000000,610.81000000,126557.56500000,1775087999999
2026-04-02,610.81000000,613.60000000,570.31000000,583.52000000,297618.31900000,1775174399999
2026-04-03,583.52000000,590.31000000,581.93000000,588.31000000,76506.37500000,1775260799999
2026-04-04,588.32000000,596.58000000,587.10000000,593.36000000,59665.43400000,1775347199999
2026-04-05,593.36000000,604.06000000,587.13000000,601.50000000,78031.95000000,1775433599999
2026-04-06,601.50000000,610.29000000,596.25000000,600.11000000,104959.54900000,1775519999999
2026-04-07,600.10000000,624.85000000,592.20000000,620.10000000,163526.89200000,1775606399999
2026-04-08,620.11000000,621.46000000,599.45000000,601.16000000,162114.68600000,1775692799999
2026-04-09,601.15000000,612.10000000,596.94000000,603.03000000,107305.17600000,1775779199999
2026-04-10,603.03000000,610.34000000,597.40000000,605.54000000,104265.93200000,1775865599999
2026-04-11,605.54000000,614.12000000,603.40000000,607.05000000,94267.47000000,1775951999999
2026-04-12,607.06000000,607.44000000,589.10000000,592.19000000,103774.25100000,1776038399999
2026-04-13,592.19000000,617.97000000,591.60000000,614.71000000,138504.50000000,1776124799999
2026-04-14,614.71000000,625.38000000,610.86000000,613.75000000,173382.03100000,1776211199999
2026-04-15,613.75000000,627.64000000,610.45000000,622.59000000,114943.22000000,1776297599999
2026-04-16,622.58000000,637.40000000,614.89000000,635.77000000,131546.70100000,1776383999999
2026-04-17,635.77000000,645.67000000,626.66000000,643.12000000,153486.83800000,1776470399999
2026-04-18,643.12000000,648.79000000,628.03000000,629.90000000,119665.35900000,1776556799999
2026-04-19,629.90000000,630.43000000,615.00000000,616.06000000,100590.74200000,1776643199999
2026-04-20,616.07000000,632.08000000,615.97000000,629.26000000,92147.71100000,1776729599999
2026-04-21,629.26000000,640.70000000,625.00000000,631.72000000,105373.23900000,1776815999999
2026-04-22,631.73000000,654.19000000,631.19000000,637.47000000,134986.33900000,1776902399999
2026-04-23,637.47000000,640.38000000,631.00000000,638.54000000,98409.25600000,1776988799999
2026-04-24,638.55000000,640.49000000,632.04000000,636.21000000,70625.81800000,1777075199999
2026-04-25,636.21000000,638.50000000,627.15000000,628.53000000,58918.33700000,1777161599999
2026-04-26,628.52000000,638.06000000,627.00000000,635.76000000,54446.34000000,1777247999999
2026-04-27,635.77000000,639.81000000,618.38000000,626.83000000,103945.48800000,1777334399999
2026-04-28,626.83000000,627.58000000,619.00000000,624.55000000,62347.74200000,1777420799999
2026-04-29,624.56000000,629.61000000,610.26000000,617.39000000,101813.17200000,1777507199999
2026-04-30,617.39000000,620.53000000,613.47000000,615.38000000,78612.44500000,1777593599999
2026-05-01,615.38000000,622.84000000,613.79000000,615.34000000,88053.74000000,1777679999999
2026-05-02,615.34000000,621.81000000,614.15000000,618.03000000,51973.99400000,1777766399999
2026-05-03,618.03000000,622.27000000,615.09000000,617.27000000,72850.13000000,1777852799999
2026-05-04,617.28000000,639.00000000,615.61000000,622.63000000,206649.00100000,1777939199999
2026-05-05,622.64000000,635.00000000,622.58000000,630.42000000,147021.79500000,1778025599999
2026-05-06,630.41000000,664.26000000,628.97000000,647.74000000,241695.25600000,1778111999999
2026-05-07,647.74000000,653.49000000,633.68000000,637.02000000,144173.80900000,1778198399999
2026-05-08,637.02000000,651.53000000,634.76000000,649.36000000,107752.67600000,1778284799999
2026-05-09,649.37000000,656.00000000,646.23000000,649.75000000,98352.89200000,1778371199999
2026-05-10,649.76000000,666.66000000,644.84000000,663.55000000,119277.21700000,1778457599999
2026-05-11,663.56000000,673.00000000,649.46000000,670.60000000,183665.24500000,1778543999999
2026-05-12,670.60000000,671.47000000,650.49000000,664.95000000,161617.08900000,1778630399999
2026-05-13,664.95000000,685.68000000,663.77000000,671.68000000,226062.76800000,1778716799999
2026-05-14,671.68000000,687.66000000,665.42000000,678.27000000,159800.03000000,1778803199999
2026-05-15,678.28000000,689.98000000,669.16000000,672.38000000,166504.37100000,1778889599999
2026-05-16,672.37000000,674.92000000,650.70000000,656.20000000,129778.33600000,1778975999999
2026-05-17,656.20000000,657.60000000,640.01000000,649.48000000,95811.95200000,1779062399999
2026-05-18,649.48000000,649.70000000,634.30000000,643.53000000,126181.22000000,1779148799999
2026-05-19,643.53000000,647.19000000,636.10000000,640.02000000,80953.93700000,1779235199999
2026-05-20,640.03000000,651.77000000,637.52000000,649.50000000,82942.65300000,1779321599999
2026-05-21,649.50000000,659.82000000,646.33000000,658.58000000,103055.67800000,1779407999999
2026-05-22,658.58000000,664.20000000,648.31000000,650.44000000,123907.62000000,1779494399999
2026-05-23,650.45000000,663.93000000,635.29000000,656.26000000,113009.63800000,1779580799999
2026-05-24,656.26000000,662.60000000,649.68000000,656.57000000,73668.17700000,1779667199999
2026-05-25,656.58000000,673.07000000,655.76000000,663.15000000,114244.75300000,1779753599999
2026-05-26,663.15000000,668.01000000,653.45000000,656.43000000,122333.28200000,1779839999999
2026-05-27,656.43000000,659.90000000,646.57000000,648.84000000,101737.59400000,1779926399999
2026-05-28,648.83000000,649.38000000,628.22000000,638.24000000,145257.68500000,1780012799999
2026-05-29,638.23000000,645.00000000,630.86000000,643.10000000,115255.26300000,1780099199999
2026-05-30,643.11000000,729.00000000,642.66000000,718.74000000,566380.96600000,1780185599999
2026-05-31,718.74000000,745.74000000,703.00000000,710.55000000,380165.73200000,1780271999999
2026-06-01,710.54000000,729.57000000,674.07000000,693.10000000,533342.52600000,1780358399999
2026-06-02,693.10000000,695.51000000,642.47000000,650.69000000,310137.34000000,1780444799999
2026-06-03,650.70000000,657.51000000,616.21000000,620.63000000,300913.44300000,1780531199999
2026-06-04,620.63000000,624.57000000,588.10000000,604.53000000,401431.76500000,1780617599999
2026-06-05,604.50000000,608.00000000,556.46000000,572.22000000,534838.03500000,1780703999999
2026-06-06,572.17000000,584.43000000,559.68000000,574.53000000,226190.52300000,1780790399999
2026-06-07,574.54000000,610.54000000,573.60000000,604.44000000,192844.36200000,1780876799999
2026-06-08,604.44000000,610.44000000,591.55000000,601.86000000,121475.50600000,1780963199999
2026-06-09,601.86000000,605.68000000,583.84000000,593.44000000,134636.72500000,1781049599999
2026-06-10,593.44000000,598.52000000,580.68000000,586.53000000,114846.00200000,1781135999999
2026-06-11,586.51000000,607.33000000,586.51000000,605.76000000,115805.92900000,1781222399999
2026-06-12,605.77000000,613.39000000,596.58000000,603.83000000,105336.32700000,1781308799999
2026-06-13,603.84000000,612.33000000,599.33000000,609.65000000,73491.15300000,1781395199999
2026-06-14,609.66000000,617.24000000,602.79000000,616.79000000,122027.61100000,1781481599999
2026-06-15,616.79000000,632.90000000,612.66000000,617.87000000,170537.64200000,1781567999999
2026-06-16,617.87000000,619.50000000,601.33000000,604.94000000,192189.41700000,1781654399999
2026-06-17,604.94000000,612.50000000,595.11000000,601.63000000,169384.18900000,1781740799999
2026-06-18,601.63000000,604.31000000,573.00000000,578.48000000,151568.81200000,1781827199999
2026-06-19,578.48000000,583.29000000,570.82000000,581.42000000,94343.19100000,1781913599999
2026-06-20,581.41000000,589.43000000,580.12000000,588.03000000,84540.17000000,1781999999999
2026-06-21,588.03000000,592.56000000,583.60000000,584.23000000,63361.25200000,1782086399999
2026-06-22,584.23000000,602.31000000,584.07000000,590.15000000,105431.63000000,1782172799999
2026-06-23,590.14000000,592.83000000,570.57000000,578.08000000,108854.88200000,1782259199999
2026-06-24,578.09000000,582.21000000,546.60000000,564.67000000,160907.99800000,1782345599999
2026-06-25,564.66000000,572.72000000,540.60000000,560.62000000,156267.91600000,1782431999999
2026-06-26,560.63000000,570.34000000,550.37000000,567.64000000,186203.40700000,1782518399999
2026-06-27,567.65000000,568.66000000,554.53000000,557.20000000,81411.91000000,1782604799999
2026-06-28,557.19000000,558.89000000,545.62000000,551.07000000,76867.85700000,1782691199999
2026-06-29,551.07000000,563.16000000,546.17000000,559.52000000,105794.12400000,1782777599999
2026-06-30,559.51000000,560.40000000,543.68000000,546.52000000,106315.52000000,1782863999999
2026-07-01,546.52000000,559.55000000,537.25000000,550.44000000,162073.17200000,1782950399999
2026-07-02,550.45000000,567.17000000,546.21000000,558.96000000,152316.81400000,1783036799999
2026-07-03,558.95000000,575.21000000,556.99000000,573.81000000,104658.99100000,1783123199999
2026-07-04,573.81000000,578.82000000,568.70000000,575.37000000,96714.13400000,1783209599999
2026-07-05,575.38000000,593.47000000,568.19000000,589.87000000,132836.83400000,1783295999999
2026-07-06,589.88000000,593.10000000,570.12000000,586.01000000,140805.49500000,1783382399999
2026-07-07,586.02000000,587.92000000,575.28000000,576.82000000,93068.48900000,1783468799999
2026-07-08,576.83000000,579.00000000,560.40000000,568.66000000,99416.98800000,1783555199999
2026-07-09,568.66000000,577.15000000,565.48000000,568.72000000,85621.60900000,1783641599999
2026-07-10,568.73000000,578.31000000,568.02000000,575.43000000,87506.37400000,1783727999999
2026-07-11,575.44000000,583.01000000,573.06000000,574.65000000,65716.33900000,1783814399999
2026-07-12,574.65000000,584.63000000,570.13000000,573.91000000,81716.05200000,1783900799999
2026-07-13,573.91000000,579.89000000,562.37000000,567.49000000,76725.12300000,1783987199999
2026-07-14,567.50000000,584.64000000,566.74000000,581.87000000,123235.18600000,1784073599999
2026-07-15,581.88000000,585.30000000,575.80000000,580.55000000,112895.85700000,1784159999999
2026-07-16,580.56000000,585.87000000,571.69000000,572.45000000,86349.24300000,1784246399999
2026-07-17,572.45000000,574.84000000,555.59000000,568.09000000,142665.19100000,1784332799999
2026-07-18,568.09000000,572.75000000,566.25000000,570.65000000,62539.54300000,1784419199999
2026-07-19,570.66000000,572.61000000,566.33000000,571.06000000,55097.20300000,1784505599999
2026-07-20,571.06000000,575.91000000,562.97000000,571.27000000,102746.80700000,1784591999999
2026-07-21,571.28000000,579.79000000,570.75000000,573.95000000,102980.46400000,1784678399999
2026-07-22,573.96000000,575.63000000,566.89000000,571.08000000,84883.99600000,1784764799999
2026-07-23,571.09000000,572.24000000,563.71000000,567.41000000,70606.24500000,1784851199999
2026-07-24,567.41000000,571.31000000,556.00000000,564.90000000,92488.87300000,1784937599999
2026-07-25,564.91000000,570.00000000,563.90000000,568.94000000,53397.27500000,1785023999999
2026-07-26,568.94000000,576.57000000,568.94000000,575.32000000,65829.01500000,1785110399999
2026-07-27,575.31000000,577.20000000,565.40000000,566.28000000,80438.84000000,1785196799999
2026-07-28,566.28000000,575.66000000,562.03000000,571.29000000,85096.07200000,1785283199999
2026-07-29,571.29000000,573.56000000,565.27000000,571.99000000,73479.16400000,1785369599999
2026-07-30,571.99000000,596.00000000,571.05000000,591.99000000,143197.77900000,1785455999999
2026-07-31,591.99000000,595.50000000,583.99000000,587.01000000,118480.80300000,1785542399999
2026-08-01,587.01000000,592.80000000,573.50000000,575.13000000,105246.30200000,1785628799999
2026-08-02,575.14000000,590.99000000,574.03000000,588.46000000,77728.45300000,1785715199999
2026-08-03,588.46000000,594.32000000,581.03000000,589.35000000,86837.85600000,1785801599999
2026-08-04,589.35000000,594.96000000,588.00000000,593.18000000,72215.24000000,1785887999999
2026-08-05,593.19000000,605.50000000,591.79000000,593.85000000,134610.25600000,1785974399999
2026-08-06,593.86000000,598.32000000,589.95000000,592.39000000,75644.29800000,1786060799999
2026-08-07,592.40000000,594.68000000,585.30000000,592.57000000,93501.74900000,1786147199999
2026-08-08,592.57000000,612.00000000,590.65000000,600.66000000,103985.02700000,1786233599999
2026-08-09,600.66000000,611.55000000,600.21000000,602.23000000,84429.78900000,1786319999999
2026-08-10,602.22000000,606.84000000,597.32000000,599.23000000,88229.74000000,1786406399999
2026-08-11,599.24000000,617.73000000,598.46000000,616.69000000,142486.98000000,1786492799999
2026-08-12,616.69000000,620.55000000,608.83000000,610.44000000,105546.46100000,1786579199999
2026-08-13,610.44000000,614.99000000,605.00000000,610.71000000,72494.10200000,1786665599999
2026-08-14,610.71000000,612.90000000,602.98000000,607.96000000,63640.08800000,1786751999999
2026-08-15,607.97000000,612.85000000,606.97000000,607.76000000,60763.28300000,1786838399999
2026-08-16,607.76000000,608.54000000,601.50000000,602.98000000,80369.88800000,1786924799999
2026-08-17,602.99000000,608.00000000,601.01000000,605.80000000,79044.35500000,1787011199999
2026-08-18,605.81000000,606.00000000,600.00000000,603.94000000,75872.89200000,1787097599999
2026-08-19,603.95000000,636.59000000,601.39000000,627.51000000,226890.36800000,1787183999999
2026-08-20,627.51000000,658.30000000,622.28000000,654.80000000,263411.36800000,1787270399999
2026-08-21,654.80000000,692.00000000,653.24000000,687.00000000,355316.53500000,1787356799999
2026-08-22,687.00000000,726.08000000,681.80000000,695.28000000,404464.11900000,1787443199999
2026-08-23,695.28000000,701.79000000,676.98000000,699.05000000,145697.29100000,1787529599999
