date,open,high,low,close,volume,quoteVol
2023-08-25,26180.05000000,26314.05000000,25777.15000000,26060.01000000,27753.33772000,1693007999999
2023-08-26,26060.00000000,26125.77000000,25985.92000000,26017.37000000,10022.22322000,1693094399999
2023-08-27,26017.38000000,26182.23000000,25966.11000000,26101.77000000,12099.64216000,1693180799999
2023-08-28,26101.78000000,26253.99000000,25864.50000000,26120.00000000,22692.62655000,1693267199999
2023-08-29,26120.00000000,28142.85000000,25922.00000000,27716.34000000,74251.99488000,1693353599999
2023-08-30,27716.34000000,27768.57000000,27017.24000000,27299.99000000,35448.25848000,1693439999999
2023-08-31,27299.99000000,27587.51000000,25655.01000000,25940.78000000,51032.80401000,1693526399999
2023-09-01,25940.77000000,26156.00000000,25333.75000000,25805.05000000,41032.15056000,1693612799999
2023-09-02,25805.04000000,25987.50000000,25752.47000000,25869.51000000,16250.77698000,1693699199999
2023-09-03,25869.52000000,26135.00000000,25800.00000000,25971.21000000,17474.47667000,1693785599999
2023-09-04,25971.21000000,26108.02000000,25631.21000000,25826.02000000,21777.59609000,1693871999999
2023-09-05,25826.03000000,25915.49000000,25562.62000000,25792.10000000,21323.39337000,1693958399999
2023-09-06,25792.11000000,26040.00000000,25372.51000000,25759.95000000,27262.52386000,1694044799999
2023-09-07,25759.95000000,26443.14000000,25615.38000000,26255.00000000,27687.49567000,1694131199999
2023-09-08,26255.00000000,26445.50000000,25647.26000000,25910.50000000,28999.76471000,1694217599999
2023-09-09,25910.50000000,25945.09000000,25796.64000000,25901.61000000,10980.62277000,1694303999999
2023-09-10,25901.60000000,26033.66000000,25570.57000000,25841.61000000,18738.26914000,1694390399999
2023-09-11,25841.60000000,25900.69000000,24901.00000000,25162.52000000,41682.32000000,1694476799999
2023-09-12,25162.53000000,26567.00000000,25131.48000000,25840.10000000,56434.38537000,1694563199999
2023-09-13,25840.10000000,26405.22000000,25764.17000000,26222.00000000,31610.82753000,1694649599999
2023-09-14,26222.00000000,26860.49000000,26126.77000000,26522.73000000,38333.17250000,1694735999999
2023-09-15,26522.73000000,26888.00000000,26224.00000000,26600.00000000,26227.29369000,1694822399999
2023-09-16,26599.99000000,26777.00000000,26445.00000000,26559.67000000,13960.93351000,1694908799999
2023-09-17,26559.67000000,26623.25000000,26399.00000000,26527.51000000,12998.10277000,1694995199999
2023-09-18,26527.50000000,27409.00000000,26377.35000000,26762.51000000,43000.43256000,1695081599999
2023-09-19,26762.50000000,27483.57000000,26667.79000000,27210.26000000,36190.52187000,1695167999999
2023-09-20,27210.25000000,27388.63000000,26800.00000000,27125.00000000,34207.21867000,1695254399999
2023-09-21,27125.01000000,27159.60000000,26377.70000000,26568.08000000,34476.82662000,1695340799999
2023-09-22,26568.08000000,26743.38000000,26468.77000000,26580.14000000,18198.22920000,1695427199999
2023-09-23,26580.14000000,26632.81000000,26509.00000000,26575.96000000,9440.70260000,1695513599999
2023-09-24,26575.97000000,26738.54000000,26122.08000000,26248.38000000,15706.65771000,1695599999999
2023-09-25,26248.39000000,26446.15000000,25990.46000000,26304.81000000,26266.20390000,1695686399999
2023-09-26,26304.80000000,26397.46000000,26088.34000000,26221.67000000,18495.35066000,1695772799999
2023-09-27,26221.68000000,26850.00000000,26112.06000000,26372.99000000,34771.57978000,1695859199999
2023-09-28,26373.00000000,27308.48000000,26342.40000000,27021.39000000,44517.83491000,1695945599999
2023-09-29,27021.39000000,27244.89000000,26665.16000000,26906.96000000,28478.76219000,1696031999999
2023-09-30,26906.96000000,27094.99000000,26886.31000000,26962.56000000,12804.62307000,1696118399999
2023-10-01,26962.57000000,28065.51000000,26954.09000000,27992.57000000,24602.81468000,1696204799999
2023-10-02,27992.58000000,28580.00000000,27281.44000000,27494.51000000,57071.14241000,1696291199999
2023-10-03,27494.51000000,27676.52000000,27160.50000000,27426.46000000,28928.96555000,1696377599999
2023-10-04,27426.45000000,27839.72000000,27202.00000000,27778.57000000,29816.14200000,1696463999999
2023-10-05,27778.57000000,28120.39000000,27352.00000000,27410.39000000,30681.49619000,1696550399999
2023-10-06,27410.39000000,28295.00000000,27175.94000000,27931.09000000,37983.24277000,1696636799999
2023-10-07,27931.10000000,28029.67000000,27842.08000000,27956.67000000,13348.83825000,1696723199999
2023-10-08,27956.67000000,28095.14000000,27687.50000000,27917.05000000,19693.56921000,1696809599999
2023-10-09,27917.06000000,27987.93000000,27260.00000000,27590.12000000,31534.74639000,1696895999999
2023-10-10,27590.12000000,27735.00000000,27298.00000000,27390.12000000,22776.84383000,1696982399999
2023-10-11,27390.12000000,27477.39000000,26538.66000000,26875.52000000,37349.44706000,1697068799999
2023-10-12,26875.52000000,26947.04000000,26555.00000000,26759.63000000,23428.64112000,1697155199999
2023-10-13,26759.63000000,27130.00000000,26685.00000000,26862.00000000,24115.76499000,1697241599999
2023-10-14,26862.00000000,26989.58000000,26789.00000000,26852.48000000,10417.25576000,1697327999999
2023-10-15,26852.48000000,27293.33000000,26808.25000000,27154.15000000,15274.69170000,1697414399999
2023-10-16,27154.14000000,30000.00000000,27112.66000000,28500.78000000,78399.22445000,1697500799999
2023-10-17,28500.77000000,28613.65000000,28069.32000000,28395.91000000,38428.44532000,1697587199999
2023-10-18,28395.91000000,28982.36000000,28142.87000000,28320.00000000,32162.47591000,1697673599999
2023-10-19,28320.00000000,28916.89000000,28100.66000000,28713.71000000,35895.50179000,1697759999999
2023-10-20,28713.71000000,30207.55000000,28578.29000000,29669.04000000,59422.09920000,1697846399999
2023-10-21,29669.05000000,30379.99000000,29464.77000000,29909.80000000,27517.51897000,1697932799999
2023-10-22,29909.80000000,30248.00000000,29640.00000000,29992.46000000,22852.54563000,1698019199999
2023-10-23,29992.46000000,34741.91000000,29883.60000000,33069.99000000,93513.64246000,1698105599999
2023-10-24,33069.99000000,35280.00000000,32832.34000000,33922.73000000,115265.02418000,1698191999999
2023-10-25,33922.73000000,35132.85000000,33679.05000000,34496.05000000,54887.02529000,1698278399999
2023-10-26,34496.05000000,34824.13000000,33751.00000000,34151.66000000,39744.66255000,1698364799999
2023-10-27,34151.66000000,34245.00000000,33390.95000000,33892.02000000,32330.40106000,1698451199999
2023-10-28,33892.01000000,34493.33000000,33860.00000000,34081.00000000,16880.13144000,1698537599999
2023-10-29,34081.01000000,34750.11000000,33930.00000000,34525.89000000,20685.52176000,1698623999999
2023-10-30,34525.88000000,34856.00000000,34062.84000000,34474.73000000,33657.95976000,1698710399999
2023-10-31,34474.74000000,34720.49000000,34025.00000000,34639.77000000,32737.89822000,1698796799999
2023-11-01,34639.78000000,35582.00000000,34097.39000000,35421.43000000,53473.28165000,1698883199999
2023-11-02,35421.43000000,35984.99000000,34300.00000000,34941.59000000,48015.57732000,1698969599999
2023-11-03,34941.58000000,34946.50000000,34120.00000000,34716.78000000,39071.20644000,1699055999999
2023-11-04,34716.78000000,35255.00000000,34585.18000000,35062.07000000,18377.55545000,1699142399999
2023-11-05,35062.06000000,35380.00000000,34448.00000000,35011.88000000,24528.73376000,1699228799999
2023-11-06,35011.89000000,35276.33000000,34725.90000000,35046.09000000,22346.47086000,1699315199999
2023-11-07,35046.09000000,35888.00000000,34523.06000000,35399.12000000,38688.73692000,1699401599999
2023-11-08,35399.13000000,36106.00000000,35100.00000000,35624.72000000,33401.34137000,1699487999999
2023-11-09,35624.72000000,37972.24000000,35534.05000000,36701.09000000,82537.88885000,1699574399999
2023-11-10,36701.10000000,37526.00000000,36324.71000000,37301.63000000,43414.04898000,1699660799999
2023-11-11,37301.63000000,37408.26000000,36666.93000000,37130.00000000,22984.97235000,1699747199999
2023-11-12,37129.99000000,37222.22000000,36731.10000000,37064.13000000,17687.18874000,1699833599999
2023-11-13,37064.13000000,37417.99000000,36333.00000000,36462.93000000,32798.18252000,1699919999999
2023-11-14,36462.93000000,36744.00000000,34800.00000000,35551.19000000,45503.68416000,1700006399999
2023-11-15,35551.20000000,37980.00000000,35360.00000000,37858.20000000,53569.13385000,1700092799999
2023-11-16,37858.20000000,37929.54000000,35500.00000000,36163.51000000,47490.39566000,1700179199999
2023-11-17,36163.51000000,36800.00000000,35861.10000000,36613.92000000,38283.61112000,1700265599999
2023-11-18,36613.91000000,36845.49000000,36178.58000000,36568.10000000,17102.24186000,1700351999999
2023-11-19,36568.11000000,37500.00000000,36384.02000000,37359.86000000,21246.34648000,1700438399999
2023-11-20,37359.85000000,37750.00000000,36677.00000000,37448.78000000,36022.70291000,1700524799999
2023-11-21,37448.79000000,37649.44000000,35735.00000000,35741.65000000,47646.54804000,1700611199999
2023-11-22,35741.65000000,37861.10000000,35632.01000000,37408.34000000,45051.30697000,1700697599999
2023-11-23,37408.35000000,37653.44000000,36870.00000000,37294.28000000,23827.92882000,1700783999999
2023-11-24,37294.27000000,38414.00000000,37251.51000000,37713.57000000,44680.80646000,1700870399999
2023-11-25,37713.57000000,37888.00000000,37591.10000000,37780.67000000,11396.14464000,1700956799999
2023-11-26,37780.67000000,37814.63000000,37150.00000000,37447.43000000,21264.53723000,1701043199999
2023-11-27,37447.42000000,37569.23000000,36707.00000000,37242.70000000,30001.07376000,1701129599999
2023-11-28,37242.70000000,38377.00000000,36868.41000000,37818.87000000,37544.46667000,1701215999999
2023-11-29,37818.88000000,38450.00000000,37570.00000000,37854.64000000,32994.19107000,1701302399999
2023-11-30,37854.65000000,38145.85000000,37500.00000000,37723.96000000,24740.29147000,1701388799999
2023-12-01,37723.97000000,38999.00000000,37615.86000000,38682.52000000,43415.66324000,1701475199999
2023-12-02,38682.51000000,39717.14000000,38641.61000000,39450.35000000,26696.92161000,1701561599999
2023-12-03,39450.35000000,40250.00000000,39274.86000000,39972.26000000,26710.65335000,1701647999999
2023-12-04,39972.26000000,42420.00000000,39972.26000000,41991.10000000,79272.33059000,1701734399999
2023-12-05,41991.10000000,44488.00000000,41414.00000000,44073.32000000,67490.74644000,1701820799999
2023-12-06,44073.82000000,44297.21000000,43335.28000000,43762.69000000,51431.10492000,1701907199999
2023-12-07,43762.69000000,44047.33000000,42821.10000000,43273.14000000,47103.26845000,1701993599999
2023-12-08,43273.15000000,44700.00000000,43081.10000000,44170.99000000,42900.37556000,1702079999999
2023-12-09,44171.00000000,44358.02000000,43584.51000000,43713.60000000,24925.97008000,1702166399999
2023-12-10,43713.59000000,44049.00000000,43563.00000000,43789.51000000,18956.61758000,1702252799999
2023-12-11,43789.50000000,43804.50000000,40222.00000000,41253.40000000,76663.89804000,1702339199999
2023-12-12,41253.41000000,42104.12000000,40680.00000000,41492.39000000,42722.69773000,1702425599999
2023-12-13,41492.38000000,43475.20000000,40555.00000000,42869.03000000,45865.99773000,1702511999999
2023-12-14,42869.03000000,43420.00000000,41400.00000000,43022.26000000,42047.05709000,1702598399999
2023-12-15,43022.26000000,43080.81000000,41666.00000000,41940.30000000,33421.79320000,1702684799999
2023-12-16,41940.29000000,42724.43000000,41605.00000000,42278.03000000,24118.85747000,1702771199999
2023-12-17,42278.02000000,42424.07000000,41252.00000000,41374.65000000,27722.11452000,1702857599999
2023-12-18,41374.64000000,42757.81000000,40542.93000000,42657.80000000,46734.09250000,1702943999999
2023-12-19,42657.80000000,43497.00000000,41811.10000000,42275.99000000,40927.86444000,1703030399999
2023-12-20,42275.99000000,44283.00000000,42206.00000000,43668.93000000,48710.29470000,1703116799999
2023-12-21,43668.92000000,44242.35000000,43286.72000000,43861.80000000,34624.29384000,1703203199999
2023-12-22,43861.79000000,44398.26000000,43412.54000000,43969.04000000,32783.19638000,1703289599999
2023-12-23,43969.04000000,43988.68000000,43291.10000000,43702.16000000,16557.12930000,1703375999999
2023-12-24,43702.15000000,43946.00000000,42500.00000000,42991.50000000,25144.33496000,1703462399999
2023-12-25,42991.50000000,43802.32000000,42720.43000000,43576.13000000,27021.23992000,1703548799999
2023-12-26,43576.12000000,43592.68000000,41637.60000000,42508.93000000,41010.04282000,1703635199999
2023-12-27,42508.93000000,43677.00000000,42098.69000000,43428.85000000,36191.21136000,1703721599999
2023-12-28,43428.86000000,43787.57000000,42241.79000000,42563.76000000,35150.52485000,1703807999999
2023-12-29,42563.76000000,43111.00000000,41300.00000000,42066.95000000,42597.18912000,1703894399999
2023-12-30,42066.94000000,42612.32000000,41520.30000000,42140.28000000,22906.57818000,1703980799999
2023-12-31,42140.29000000,42899.00000000,41965.84000000,42283.58000000,23585.91603000,1704067199999
2024-01-01,42283.58000000,44184.10000000,42180.77000000,44179.55000000,27174.29903000,1704153599999
2024-01-02,44179.55000000,45879.63000000,44148.34000000,44946.91000000,65146.40661000,1704239999999
2024-01-03,44946.91000000,45500.00000000,40750.00000000,42845.23000000,81194.55173000,1704326399999
2024-01-04,42845.23000000,44729.58000000,42613.77000000,44151.10000000,48038.06334000,1704412799999
2024-01-05,44151.10000000,44357.46000000,42450.00000000,44145.11000000,48075.25327000,1704499199999
2024-01-06,44145.12000000,44214.42000000,43397.05000000,43968.32000000,17835.06144000,1704585599999
2024-01-07,43968.32000000,44480.59000000,43572.09000000,43929.02000000,23023.85080000,1704671999999
2024-01-08,43929.01000000,47248.99000000,43175.00000000,46951.04000000,72814.57589000,1704758399999
2024-01-09,46951.04000000,47972.00000000,44748.67000000,46110.00000000,69927.66617000,1704844799999
2024-01-10,46110.00000000,47695.93000000,44300.36000000,46653.99000000,89911.41203000,1704931199999
2024-01-11,46654.00000000,48969.48000000,45606.06000000,46339.16000000,87470.32960000,1705017599999
2024-01-12,46339.16000000,46515.53000000,41500.00000000,42782.73000000,86327.93707000,1705103999999
2024-01-13,42782.74000000,43257.00000000,42436.12000000,42847.99000000,36118.47464000,1705190399999
2024-01-14,42847.99000000,43079.00000000,41720.00000000,41732.35000000,28228.40894000,1705276799999
2024-01-15,41732.35000000,43400.43000000,41718.05000000,42511.10000000,40269.89303000,1705363199999
2024-01-16,42511.10000000,43578.01000000,42050.00000000,43137.95000000,45045.74589000,1705449599999
2024-01-17,43137.94000000,43198.00000000,42200.69000000,42776.10000000,33266.21388000,1705535999999
2024-01-18,42776.09000000,42930.00000000,40683.28000000,41327.50000000,43907.51641000,1705622399999
2024-01-19,41327.51000000,42196.86000000,40280.00000000,41659.03000000,48342.74559000,1705708799999
2024-01-20,41659.03000000,41872.56000000,41456.30000000,41696.04000000,15923.99493000,1705795199999
2024-01-21,41696.05000000,41881.39000000,41500.98000000,41580.33000000,11730.16301000,1705881599999
2024-01-22,41580.32000000,41689.65000000,39431.58000000,39568.02000000,55426.19911000,1705967999999
2024-01-23,39568.02000000,40176.74000000,38555.00000000,39897.60000000,57956.63351000,1706054399999
2024-01-24,39897.59000000,40555.00000000,39484.19000000,40084.88000000,39293.82861000,1706140799999
2024-01-25,40084.89000000,40300.24000000,39550.00000000,39961.09000000,31022.11853000,1706227199999
2024-01-26,39961.09000000,42246.82000000,39822.52000000,41823.51000000,47384.96726000,1706313599999
2024-01-27,41823.51000000,42200.00000000,41394.34000000,42120.63000000,16224.41667000,1706399999999
2024-01-28,42120.63000000,42842.68000000,41620.81000000,42031.06000000,27294.99838000,1706486399999
2024-01-29,42031.05000000,43333.00000000,41804.88000000,43302.70000000,31542.74207000,1706572799999
2024-01-30,43302.71000000,43882.36000000,42683.99000000,42941.10000000,37619.24546000,1706659199999
2024-01-31,42941.10000000,43745.11000000,42276.84000000,42580.00000000,39871.13688000,1706745599999
2024-02-01,42580.00000000,43285.13000000,41884.28000000,43082.94000000,35231.04664000,1706831999999
2024-02-02,43082.95000000,43488.00000000,42546.79000000,43200.00000000,29672.14418000,1706918399999
2024-02-03,43199.99000000,43380.01000000,42880.00000000,43011.09000000,12033.40998000,1707004799999
2024-02-04,43011.10000000,43119.04000000,42222.00000000,42582.88000000,17066.89404000,1707091199999
2024-02-05,42582.88000000,43569.76000000,42258.10000000,42708.70000000,29467.75905000,1707177599999
2024-02-06,42708.70000000,43399.98000000,42574.00000000,43098.95000000,24675.85433000,1707263999999
2024-02-07,43098.96000000,44396.50000000,42788.00000000,44349.60000000,34392.59915000,1707350399999
2024-02-08,44349.60000000,45614.30000000,44331.10000000,45288.65000000,45439.62231000,1707436799999
2024-02-09,45288.66000000,48200.00000000,45242.12000000,47132.77000000,73503.48100000,1707523199999
2024-02-10,47132.78000000,48170.00000000,46800.00000000,47751.09000000,24802.35936000,1707609599999
2024-02-11,47751.08000000,48592.66000000,47557.16000000,48299.99000000,29958.80837000,1707695999999
2024-02-12,48300.00000000,50334.82000000,47710.01000000,49917.27000000,59009.96705000,1707782399999
2024-02-13,49917.28000000,50368.61000000,48300.95000000,49699.59000000,55551.56706000,1707868799999
2024-02-14,49699.60000000,52043.71000000,49225.01000000,51795.17000000,57046.37401000,1707955199999
2024-02-15,51795.17000000,52816.62000000,51314.00000000,51880.00000000,53816.03055000,1708041599999
2024-02-16,51880.01000000,52572.08000000,51566.00000000,52124.11000000,37772.25318000,1708127999999
2024-02-17,52124.10000000,52162.82000000,50625.00000000,51642.64000000,25674.00622000,1708214399999
2024-02-18,51642.64000000,52377.00000000,51163.28000000,52137.67000000,21992.10363000,1708300799999
2024-02-19,52137.68000000,52488.77000000,51677.00000000,51774.73000000,29534.99432000,1708387199999
2024-02-20,51774.74000000,52985.00000000,50760.37000000,52258.82000000,49614.47318000,1708473599999
2024-02-21,52258.82000000,52366.80000000,50625.00000000,51849.39000000,43079.40049000,1708559999999
2024-02-22,51849.38000000,52065.78000000,50940.78000000,51288.42000000,35309.44574000,1708646399999
2024-02-23,51288.42000000,51548.54000000,50521.00000000,50744.15000000,30545.79544000,1708732799999
2024-02-24,50744.15000000,51698.00000000,50585.00000000,51568.22000000,16560.42110000,1708819199999
2024-02-25,51568.21000000,51958.55000000,51279.80000000,51728.85000000,18721.63159000,1708905599999
2024-02-26,51728.85000000,54910.00000000,50901.44000000,54476.47000000,51256.72199000,1708991999999
2024-02-27,54476.48000000,57588.15000000,54450.13000000,57037.34000000,67194.98562000,1709078399999
2024-02-28,57037.35000000,64000.00000000,56691.85000000,62432.10000000,118763.46984000,1709164799999
2024-02-29,62432.11000000,63676.35000000,60364.70000000,61130.98000000,78425.07603000,1709251199999
2024-03-01,61130.99000000,63114.23000000,60777.00000000,62387.90000000,47737.93473000,1709337599999
2024-03-02,62387.90000000,62433.19000000,61561.12000000,61987.28000000,25534.73659000,1709423999999
2024-03-03,61987.28000000,63231.88000000,61320.00000000,63113.97000000,28994.90903000,1709510399999
2024-03-04,63113.97000000,68499.00000000,62300.00000000,68245.71000000,84835.16005000,1709596799999
2024-03-05,68245.71000000,69000.00000000,59005.00000000,63724.01000000,132696.78130000,1709683199999
2024-03-06,63724.01000000,67641.10000000,62779.14000000,66074.04000000,78738.85491000,1709769599999
2024-03-07,66074.04000000,67980.00000000,65551.00000000,66823.17000000,53059.88690000,1709855999999
2024-03-08,66823.18000000,69990.00000000,66082.66000000,68124.19000000,74261.93284200,1709942399999
2024-03-09,68124.20000000,68541.10000000,67861.10000000,68313.27000000,19872.89743000,1710028799999
2024-03-10,68313.28000000,69887.61000000,68094.75000000,68955.88000000,38404.66835000,1710115199999
2024-03-11,68955.88000000,72800.00000000,67024.96000000,72078.10000000,75292.82572600,1710201599999
2024-03-12,72078.10000000,73000.00000000,68620.82000000,71452.01000000,68783.54669100,1710287999999
2024-03-13,71452.00000000,73650.25000000,71333.31000000,73072.41000000,52659.71164700,1710374399999
2024-03-14,73072.40000000,73777.00000000,68555.00000000,71388.94000000,71757.62874600,1710460799999
2024-03-15,71388.94000000,72419.71000000,65600.00000000,69499.85000000,103334.03546000,1710547199999
2024-03-16,69499.84000000,70043.00000000,64780.00000000,65300.63000000,55926.95336000,1710633599999
2024-03-17,65300.64000000,68904.40000000,64533.00000000,68393.48000000,49742.21589000,1710719999999
2024-03-18,68393.47000000,68956.00000000,66565.20000000,67609.99000000,55691.08088000,1710806399999
2024-03-19,67610.00000000,68124.11000000,61555.00000000,61937.40000000,101005.32487000,1710892799999
2024-03-20,61937.41000000,68100.00000000,60775.00000000,67840.51000000,90420.58592000,1710979199999
2024-03-21,67840.51000000,68240.47000000,64529.01000000,65501.27000000,53357.48002000,1711065599999
2024-03-22,65501.28000000,66649.62000000,62260.00000000,63796.64000000,51482.37821000,1711151999999
2024-03-23,63796.64000000,65999.00000000,63000.00000000,63990.01000000,26410.11409000,1711238399999
2024-03-24,63990.02000000,67628.69000000,63772.29000000,67209.99000000,31395.78015000,1711324799999
2024-03-25,67210.00000000,71150.00000000,66385.06000000,69880.01000000,53431.14486000,1711411199999
2024-03-26,69880.00000000,71561.10000000,69280.00000000,69988.00000000,38934.38417000,1711497599999
2024-03-27,69987.99000000,71769.54000000,68359.18000000,69469.99000000,49119.35685000,1711583999999
2024-03-28,69469.99000000,71552.06000000,68903.62000000,70780.60000000,35439.03239000,1711670399999
2024-03-29,70780.60000000,70916.16000000,69009.00000000,69850.54000000,25445.08353000,1711756799999
2024-03-30,69850.53000000,70321.10000000,69540.00000000,69582.18000000,13644.61142000,1711843199999
2024-03-31,69582.17000000,71366.00000000,69562.99000000,71280.01000000,19396.34433000,1711929599999
2024-04-01,71280.00000000,71288.23000000,68062.86000000,69649.80000000,41445.32039000,1712015999999
2024-04-02,69649.81000000,69674.23000000,64550.00000000,65463.99000000,71799.82793000,1712102399999
2024-04-03,65463.99000000,66903.63000000,64493.07000000,65963.28000000,39887.21778000,1712188799999
2024-04-04,65963.27000000,69309.91000000,65064.52000000,68487.79000000,41510.48453000,1712275199999
2024-04-05,68487.80000000,68756.67000000,65952.56000000,67820.62000000,37915.23073000,1712361599999
2024-04-06,67820.63000000,69692.00000000,67447.83000000,68896.00000000,20134.28919000,1712447999999
2024-04-07,68896.00000000,70326.29000000,68824.00000000,69360.39000000,21534.74433000,1712534399999
2024-04-08,69360.38000000,72797.99000000,69043.24000000,71620.00000000,45723.87624000,1712620799999
2024-04-09,71620.00000000,71758.19000000,68210.00000000,69146.00000000,39293.90242000,1712707199999
2024-04-10,69146.00000000,71172.08000000,67518.00000000,70631.08000000,42006.02377000,1712793599999
2024-04-11,70631.08000000,71305.89000000,69567.21000000,70006.23000000,31917.25595000,1712879999999
2024-04-12,70006.22000000,71227.46000000,65086.86000000,67116.52000000,56072.86229000,1712966399999
2024-04-13,67116.52000000,67929.00000000,60660.57000000,63924.51000000,71395.22019000,1713052799999
2024-04-14,63924.52000000,65840.00000000,62134.00000000,65661.84000000,61599.17818000,1713139199999
2024-04-15,65661.85000000,66867.07000000,62274.40000000,63419.99000000,52389.53069000,1713225599999
2024-04-16,63419.99000000,64365.00000000,61600.00000000,63793.39000000,53435.29331000,1713311999999
2024-04-17,63793.40000000,64499.00000000,59678.16000000,61277.37000000,50610.54509000,1713398399999
2024-04-18,61277.38000000,64117.09000000,60803.35000000,63470.08000000,43601.60918000,1713484799999
2024-04-19,63470.09000000,65450.00000000,59600.01000000,63818.01000000,69774.30271000,1713571199999
2024-04-20,63818.01000000,65419.00000000,63090.07000000,64940.59000000,23137.42975000,1713657599999
2024-04-21,64940.58000000,65695.56000000,64237.50000000,64941.15000000,19316.42152000,1713743999999
2024-04-22,64941.15000000,67232.35000000,64500.00000000,66819.32000000,31397.99371000,1713830399999
2024-04-23,66819.32000000,67183.01000000,65765.81000000,66414.00000000,22599.90004000,1713916799999
2024-04-24,66414.00000000,67070.43000000,63606.06000000,64289.59000000,33595.69637000,1714003199999
2024-04-25,64289.58000000,65297.94000000,62794.00000000,64498.34000000,31341.46338000,1714089599999
2024-04-26,64498.33000000,64820.01000000,63297.48000000,63770.01000000,27085.19346000,1714175999999
2024-04-27,63770.00000000,63923.41000000,62391.24000000,63461.98000000,20933.06052000,1714262399999
2024-04-28,63461.98000000,64370.00000000,62781.00000000,63118.62000000,16949.20005000,1714348799999
2024-04-29,63118.62000000,64228.35000000,61765.53000000,63866.00000000,28150.22947000,1714435199999
2024-04-30,63866.00000000,64734.00000000,59191.60000000,60672.00000000,54947.65535000,1714521599999
2024-05-01,60672.01000000,60841.63000000,56552.82000000,58364.97000000,81166.46823000,1714607999999
2024-05-02,58364.97000000,59625.00000000,56911.84000000,59060.61000000,47583.81961000,1714694399999
2024-05-03,59060.60000000,63333.00000000,58811.32000000,62882.01000000,43628.40143000,1714780799999
2024-05-04,62882.01000000,64540.00000000,62541.03000000,63892.04000000,24368.69282000,1714867199999
2024-05-05,63892.03000000,64646.00000000,62822.17000000,64012.00000000,18526.75029000,1714953599999
2024-05-06,64012.00000000,65500.00000000,62700.00000000,63165.19000000,34674.91949000,1715039999999
2024-05-07,63165.18000000,64422.41000000,62261.00000000,62312.08000000,25598.79472000,1715126399999
2024-05-08,62312.07000000,63020.22000000,60888.00000000,61193.03000000,26121.19004000,1715212799999
2024-05-09,61193.03000000,63429.03000000,60630.00000000,63074.01000000,30660.80610000,1715299199999
2024-05-10,63074.00000000,63469.13000000,60187.12000000,60799.99000000,36529.34025000,1715385599999
2024-05-11,60799.99000000,61515.00000000,60487.09000000,60825.99000000,13374.56936000,1715471999999
2024-05-12,60825.99000000,61888.00000000,60610.00000000,61483.99000000,12753.13236000,1715558399999
2024-05-13,61484.00000000,63450.00000000,60749.21000000,62940.08000000,32733.41839000,1715644799999
2024-05-14,62940.09000000,63118.36000000,61142.77000000,61577.49000000,29088.72041000,1715731199999
2024-05-15,61577.49000000,66444.16000000,61319.47000000,66206.50000000,43559.74719000,1715817599999
2024-05-16,66206.51000000,66752.01000000,64602.77000000,65235.21000000,31106.36710000,1715903999999
2024-05-17,65235.21000000,67451.20000000,65106.38000000,67024.00000000,26292.23409000,1715990399999
2024-05-18,67024.00000000,67400.01000000,66600.00000000,66915.20000000,14441.25774000,1716076799999
2024-05-19,66915.20000000,67700.00000000,65857.25000000,66274.01000000,18025.30409000,1716163199999
2024-05-20,66274.00000000,71515.56000000,66060.31000000,71446.62000000,50816.70110000,1716249599999
2024-05-21,71446.62000000,71979.00000000,69162.94000000,70148.34000000,49607.43360000,1716335999999
2024-05-22,70148.34000000,70666.00000000,68842.19000000,69166.62000000,27673.18026000,1716422399999
2024-05-23,69166.62000000,70096.12000000,66312.16000000,67969.65000000,40513.17374000,1716508799999
2024-05-24,67969.66000000,69250.00000000,66600.12000000,68549.99000000,28095.83664000,1716595199999
2024-05-25,68549.99000000,69610.00000000,68500.00000000,69290.57000000,12130.39418000,1716681599999
2024-05-26,69290.56000000,69562.23000000,68128.01000000,68507.67000000,11872.11797000,1716767999999
2024-05-27,68507.67000000,70687.56000000,68250.00000000,69436.43000000,23136.92737000,1716854399999
2024-05-28,69436.43000000,69591.81000000,67277.91000000,68398.39000000,32622.97042000,1716940799999
2024-05-29,68398.40000000,68935.68000000,67124.65000000,67652.42000000,23159.83149000,1717027199999
2024-05-30,67652.41000000,69500.00000000,67128.00000000,68352.17000000,28478.21840000,1717113599999
2024-05-31,68352.17000000,69044.10000000,66670.00000000,67540.01000000,26690.32184000,1717199999999
2024-06-01,67540.01000000,67900.00000000,67428.44000000,67766.85000000,8837.66133000,1717286399999
2024-06-02,67766.84000000,68460.00000000,67257.47000000,67765.63000000,15426.32529000,1717372799999
2024-06-03,67765.62000000,70288.00000000,67612.48000000,68809.90000000,29633.37400000,1717459199999
2024-06-04,68809.89000000,71063.45000000,68567.32000000,70537.84000000,29619.78489000,1717545599999
2024-06-05,70537.83000000,71758.00000000,70383.66000000,71108.00000000,28703.18082000,1717631999999
2024-06-06,71108.00000000,71700.00000000,70117.64000000,70799.06000000,21842.00449000,1717718399999
2024-06-07,70799.06000000,71997.02000000,68420.00000000,69355.60000000,35598.45045000,1717804799999
2024-06-08,69355.60000000,69582.20000000,69168.02000000,69310.46000000,9773.82967000,1717891199999
2024-06-09,69310.46000000,69857.14000000,69130.24000000,69648.14000000,9890.56709000,1717977599999
2024-06-10,69648.15000000,70195.94000000,69172.29000000,69540.00000000,17122.66941000,1718063999999
2024-06-11,69540.00000000,69590.01000000,66051.00000000,67314.24000000,41436.01588000,1718150399999
2024-06-12,67314.23000000,69999.00000000,66905.00000000,68263.99000000,37175.32356000,1718236799999
2024-06-13,68263.98000000,68449.30000000,66251.78000000,66773.01000000,29079.55571000,1718323199999
2024-06-14,66773.01000000,67370.24000000,65078.00000000,66043.99000000,28408.18797000,1718409599999
2024-06-15,66043.99000000,66478.48000000,65857.10000000,66228.25000000,11451.80242000,1718495999999
2024-06-16,66228.25000000,66998.70000000,66034.50000000,66676.87000000,9392.52223000,1718582399999
2024-06-17,66676.86000000,67298.81000000,65130.00000000,66504.33000000,27386.16851000,1718668799999
2024-06-18,66504.33000000,66588.23000000,64060.00000000,65175.32000000,42350.10244000,1718755199999
2024-06-19,65175.32000000,65727.54000000,64666.00000000,64974.37000000,20060.79576000,1718841599999
2024-06-20,64974.37000000,66482.94000000,64559.15000000,64869.99000000,24265.29031000,1718927999999
2024-06-21,64869.99000000,65066.66000000,63379.35000000,64143.56000000,25993.56442000,1719014399999
2024-06-22,64143.56000000,64546.81000000,63943.82000000,64262.01000000,7308.95542000,1719100799999
2024-06-23,64262.01000000,64521.00000000,63178.32000000,63210.01000000,8224.45447000,1719187199999
2024-06-24,63210.01000000,63369.80000000,58402.00000000,60293.30000000,52161.35414000,1719273599999
2024-06-25,60293.30000000,62420.00000000,60257.06000000,61806.01000000,31189.24361000,1719359999999
2024-06-26,61806.01000000,62487.81000000,60712.00000000,60864.99000000,22485.66463000,1719446399999
2024-06-27,60864.98000000,62389.22000000,60606.63000000,61706.47000000,18344.28631000,1719532799999
2024-06-28,61706.46000000,62225.31000000,60063.00000000,60427.84000000,24821.19255000,1719619199999
2024-06-29,60427.84000000,61224.00000000,60383.77000000,60986.68000000,11509.55904000,1719705599999
2024-06-30,60986.68000000,63058.76000000,60712.21000000,62772.01000000,17326.30136000,1719791999999
2024-07-01,62772.01000000,63861.76000000,62497.20000000,62899.99000000,24547.10538000,1719878399999
2024-07-02,62900.00000000,63288.83000000,61806.28000000,62135.47000000,18573.11875000,1719964799999
2024-07-03,62135.46000000,62285.94000000,59400.00000000,60208.58000000,32160.11127000,1720051199999
2024-07-04,60208.57000000,60498.19000000,56771.00000000,57050.01000000,54568.77276000,1720137599999
2024-07-05,57050.02000000,57546.00000000,53485.93000000,56628.79000000,81348.24756000,1720223999999
2024-07-06,56628.79000000,58475.00000000,56018.00000000,58230.13000000,21651.31558000,1720310399999
2024-07-07,58230.13000000,58449.46000000,55724.37000000,55857.81000000,19118.93918000,1720396799999
2024-07-08,55857.81000000,58236.73000000,54260.16000000,56714.62000000,48090.20490000,1720483199999
2024-07-09,56714.61000000,58296.00000000,56289.45000000,58050.00000000,27732.20788000,1720569599999
2024-07-10,58050.00000000,59470.00000000,57157.79000000,57725.85000000,24951.73799000,1720655999999
2024-07-11,57725.85000000,59650.00000000,57050.00000000,57339.89000000,29761.05735000,1720742399999
2024-07-12,57339.89000000,58526.68000000,56542.47000000,57889.10000000,23652.45690000,1720828799999
2024-07-13,57889.09000000,59850.00000000,57756.63000000,59204.02000000,15357.74519000,1720915199999
2024-07-14,59204.01000000,61420.69000000,59194.01000000,60797.91000000,21178.33907000,1721001599999
2024-07-15,60797.91000000,64900.00000000,60632.30000000,64724.14000000,38690.97820000,1721087999999
2024-07-16,64724.06000000,65388.97000000,62373.24000000,65043.99000000,42530.52915000,1721174399999
2024-07-17,65044.00000000,66128.63000000,63854.00000000,64087.99000000,29567.52954000,1721260799999
2024-07-18,64087.99000000,65133.30000000,63238.48000000,63987.92000000,22568.72250000,1721347199999
2024-07-19,63987.92000000,67386.00000000,63300.67000000,66660.00000000,35634.72739000,1721433599999
2024-07-20,66660.01000000,67598.00000000,66222.46000000,67139.96000000,14386.92434000,1721519999999
2024-07-21,67139.97000000,68366.66000000,65777.00000000,68165.34000000,21819.11191000,1721606399999
2024-07-22,68165.35000000,68474.55000000,66559.97000000,67532.01000000,21451.04303000,1721692799999
2024-07-23,67532.00000000,67750.98000000,65441.08000000,65936.01000000,31406.15316000,1721779199999
2024-07-24,65936.00000000,67102.01000000,65111.00000000,65376.00000000,23082.56277000,1721865599999
2024-07-25,65376.01000000,66175.49000000,63456.70000000,65799.95000000,35126.42934000,1721951999999
2024-07-26,65799.95000000,68200.00000000,65722.63000000,67907.99000000,24244.36023000,1722038399999
2024-07-27,67908.00000000,69399.99000000,66650.00000000,67896.50000000,31710.21921000,1722124799999
2024-07-28,67896.49000000,68318.43000000,67066.66000000,68249.88000000,10868.69394000,1722211199999
2024-07-29,68249.88000000,70079.99000000,66428.00000000,66784.69000000,36467.29633000,1722297599999
2024-07-30,66784.68000000,67000.00000000,65302.67000000,66188.00000000,23132.25441000,1722383999999
2024-07-31,66188.00000000,66849.24000000,64530.00000000,64628.00000000,22625.43905000,1722470399999
2024-08-01,64628.01000000,65659.78000000,62302.00000000,65354.02000000,35542.26854000,1722556799999
2024-08-02,65354.02000000,65596.14000000,61230.01000000,61498.33000000,38820.42937000,1722643199999
2024-08-03,61498.34000000,62198.22000000,59850.00000000,60697.99000000,28034.71567000,1722729599999
2024-08-04,60697.99000000,61117.63000000,57122.77000000,58161.00000000,31616.52003000,1722815999999
2024-08-05,58161.00000000,58305.59000000,49000.00000000,54018.81000000,162065.59186000,1722902399999
2024-08-06,54018.82000000,57040.99000000,53950.00000000,56022.01000000,55884.77676000,1722988799999
2024-08-07,56022.00000000,57736.05000000,54558.62000000,55134.16000000,44269.37684000,1723075199999
2024-08-08,55133.76000000,62745.14000000,54730.00000000,61685.99000000,48349.52949000,1723161599999
2024-08-09,61686.00000000,61744.37000000,59535.00000000,60837.99000000,30972.48017000,1723247999999
2024-08-10,60837.99000000,61470.58000000,60242.00000000,60923.51000000,9995.20621000,1723334399999
2024-08-11,60923.51000000,61858.00000000,58286.73000000,58712.59000000,19189.84512000,1723420799999
2024-08-12,58712.59000000,60711.09000000,57642.21000000,59346.64000000,37009.91743000,1723507199999
2024-08-13,59346.64000000,61578.10000000,58392.88000000,60587.15000000,27858.95851000,1723593599999
2024-08-14,60587.16000000,61800.00000000,58433.18000000,58683.39000000,28422.76326000,1723679999999
2024-08-15,58683.39000000,59849.38000000,56078.54000000,57541.06000000,37686.17622000,1723766399999
2024-08-16,57541.05000000,59817.76000000,57098.62000000,58874.60000000,27610.84344000,1723852799999
2024-08-17,58874.59000000,59700.00000000,58785.05000000,59491.99000000,7721.72931000,1723939199999
2024-08-18,59491.99000000,60284.99000000,58408.92000000,58427.35000000,13634.85717000,1724025599999
2024-08-19,58427.35000000,59617.63000000,57787.30000000,59438.50000000,22809.31251000,1724111999999
2024-08-20,59438.50000000,61400.00000000,58548.23000000,59013.80000000,31477.44548000,1724198399999
2024-08-21,59013.80000000,61820.93000000,58783.47000000,61156.03000000,27983.64220000,1724284799999
2024-08-22,61156.03000000,61400.00000000,59724.87000000,60375.84000000,21241.20588000,1724371199999
2024-08-23,60375.83000000,64955.00000000,60342.14000000,64037.24000000,38118.07089000,1724457599999
2024-08-24,64037.24000000,64494.50000000,63531.00000000,64157.01000000,15857.15616000,1724543999999
2024-08-25,64157.02000000,65000.00000000,63773.27000000,64220.00000000,12305.47977000,1724630399999
2024-08-26,64219.99000000,64481.00000000,62800.00000000,62834.00000000,19470.05276000,1724716799999
2024-08-27,62834.00000000,63212.00000000,58034.01000000,59415.00000000,35135.94178000,1724803199999
2024-08-28,59415.00000000,60234.98000000,57860.00000000,59034.90000000,36868.54275000,1724889599999
2024-08-29,59034.90000000,61166.99000000,58713.09000000,59359.01000000,27020.90743000,1724975999999
2024-08-30,59359.00000000,59944.07000000,57701.10000000,59123.99000000,28519.32195000,1725062399999
2024-08-31,59123.99000000,59462.38000000,58744.00000000,58973.99000000,8798.40900000,1725148799999
2024-09-01,58974.00000000,59076.59000000,57201.00000000,57301.86000000,20705.15741000,1725235199999
2024-09-02,57301.77000000,59425.69000000,57128.00000000,59132.13000000,22895.01461000,1725321599999
2024-09-03,59132.12000000,59809.65000000,57415.00000000,57487.73000000,22828.18447000,1725407999999
2024-09-04,57487.74000000,58519.00000000,55606.00000000,57970.90000000,35560.82146000,1725494399999
2024-09-05,57970.90000000,58327.07000000,55643.65000000,56180.00000000,27806.91413000,1725580799999
2024-09-06,56180.00000000,57008.00000000,52550.00000000,53962.97000000,54447.76826000,1725667199999
2024-09-07,53962.97000000,54850.00000000,53745.54000000,54160.86000000,16694.04774000,1725753599999
2024-09-08,54160.86000000,55318.00000000,53629.01000000,54869.95000000,16274.14779000,1725839999999
2024-09-09,54869.95000000,58088.00000000,54591.96000000,57042.00000000,32384.51737000,1725926399999
2024-09-10,57042.01000000,58044.36000000,56386.40000000,57635.99000000,23626.78126000,1726012799999
2024-09-11,57635.99000000,57981.71000000,55545.19000000,57338.00000000,33026.56757000,1726099199999
2024-09-12,57338.00000000,58588.00000000,57324.00000000,58132.32000000,31074.40631000,1726185599999
2024-09-13,58132.31000000,60625.00000000,57632.62000000,60498.00000000,29825.23333000,1726271999999
2024-09-14,60497.99000000,60610.45000000,59400.00000000,59993.03000000,12137.90901000,1726358399999
2024-09-15,59993.02000000,60395.80000000,58691.05000000,59132.00000000,13757.92361000,1726444799999
2024-09-16,59132.00000000,59210.70000000,57493.30000000,58213.99000000,26477.56420000,1726531199999
2024-09-17,58213.99000000,61320.00000000,57610.01000000,60313.99000000,33116.25878000,1726617599999
2024-09-18,60313.99000000,61786.24000000,59174.80000000,61759.99000000,36087.02469000,1726703999999
2024-09-19,61759.98000000,63850.00000000,61555.00000000,62947.99000000,34332.52608000,1726790399999
2024-09-20,62948.00000000,64133.32000000,62350.00000000,63201.05000000,25466.37794000,1726876799999
2024-09-21,63201.05000000,63559.90000000,62758.00000000,63348.96000000,8375.34608000,1726963199999
2024-09-22,63348.97000000,64000.00000000,62357.93000000,63578.76000000,14242.19892000,1727049599999
2024-09-23,63578.76000000,64745.88000000,62538.75000000,63339.99000000,24078.05287000,1727135999999
2024-09-24,63339.99000000,64688.00000000,62700.00000000,64262.70000000,23185.04759000,1727222399999
2024-09-25,64262.70000000,64817.99000000,62947.08000000,63152.01000000,17813.11168000,1727308799999
2024-09-26,63152.01000000,65839.00000000,62670.00000000,65173.99000000,28373.30593000,1727395199999
2024-09-27,65173.99000000,66498.00000000,64819.90000000,65769.95000000,22048.80487000,1727481599999
2024-09-28,65769.95000000,66260.00000000,65422.23000000,65858.00000000,9127.23316000,1727567999999
2024-09-29,65858.00000000,66076.12000000,65432.00000000,65602.01000000,8337.74111000,1727654399999
2024-09-30,65602.01000000,65618.80000000,62856.30000000,63327.59000000,30011.08752000,1727740799999
2024-10-01,63327.60000000,64130.63000000,60164.00000000,60805.78000000,43671.48108000,1727827199999
2024-10-02,60804.92000000,62390.31000000,60000.00000000,60649.28000000,31534.70118000,1727913599999
2024-10-03,60649.27000000,61477.19000000,59828.11000000,60752.71000000,26221.43472000,1727999999999
2024-10-04,60752.72000000,62484.85000000,60459.90000000,62086.00000000,21294.65994000,1728086399999
2024-10-05,62086.00000000,62370.56000000,61689.26000000,62058.00000000,7807.46141000,1728172799999
2024-10-06,62058.01000000,62975.00000000,61798.97000000,62819.91000000,8906.86177000,1728259199999
2024-10-07,62819.91000000,64478.19000000,62128.00000000,62224.00000000,25966.18520000,1728345599999
2024-10-08,62224.01000000,63200.00000000,61860.31000000,62160.49000000,19702.22371000,1728431999999
2024-10-09,62160.50000000,62543.75000000,60301.00000000,60636.02000000,20011.15684000,1728518399999
2024-10-10,60636.01000000,61321.68000000,58946.00000000,60326.39000000,23967.92481000,1728604799999
2024-10-11,60326.40000000,63417.56000000,60087.64000000,62540.00000000,23641.35209000,1728691199999
2024-10-12,62539.99000000,63480.00000000,62487.23000000,63206.22000000,10911.30116000,1728777599999
2024-10-13,63206.23000000,63285.72000000,62050.00000000,62870.02000000,11909.21995000,1728863999999
2024-10-14,62870.02000000,66500.00000000,62457.81000000,66083.99000000,37669.95222000,1728950399999
2024-10-15,66084.00000000,67950.00000000,64800.01000000,67074.14000000,43683.95423000,1729036799999
2024-10-16,67074.14000000,68424.00000000,66750.49000000,67620.01000000,29938.25544000,1729123199999
2024-10-17,67620.00000000,67939.40000000,66666.00000000,67421.78000000,25328.22861000,1729209599999
2024-10-18,67421.78000000,69000.00000000,67192.36000000,68428.00000000,28725.63500000,1729295999999
2024-10-19,68427.99000000,68693.26000000,68010.00000000,68378.00000000,8193.66737000,1729382399999
2024-10-20,68377.99000000,69400.00000000,68100.00000000,69031.99000000,12442.47378000,1729468799999
2024-10-21,69032.00000000,69519.52000000,66840.67000000,67377.50000000,31374.42184000,1729555199999
2024-10-22,67377.50000000,67836.01000000,66571.42000000,67426.00000000,24598.96268000,1729641599999
2024-10-23,67426.01000000,67472.83000000,65260.00000000,66668.65000000,25530.24070000,1729727999999
2024-10-24,66668.65000000,68850.00000000,66510.00000000,68198.28000000,22589.83877000,1729814399999
2024-10-25,68198.27000000,68771.49000000,65596.29000000,66698.33000000,34479.71125000,1729900799999
2024-10-26,66698.32000000,67454.55000000,66439.90000000,67092.76000000,11842.90770000,1729987199999
2024-10-27,67092.76000000,68332.05000000,66913.73000000,68021.70000000,8653.19592000,1730073599999
2024-10-28,68021.69000000,70270.00000000,67618.00000000,69962.21000000,29046.75459000,1730159999999
2024-10-29,69962.21000000,73620.12000000,69760.00000000,72736.42000000,50128.60594000,1730246399999
2024-10-30,72736.41000000,72961.00000000,71436.00000000,72344.74000000,26885.99056000,1730332799999
2024-10-31,72344.75000000,72700.00000000,69685.76000000,70292.01000000,29352.10297000,1730419199999
2024-11-01,70292.01000000,71632.95000000,68820.14000000,69496.01000000,38301.86755000,1730505599999
2024-11-02,69496.00000000,69914.37000000,69000.14000000,69374.74000000,10521.67243000,1730591999999
2024-11-03,69374.74000000,69391.00000000,67478.73000000,68775.99000000,24995.70243000,1730678399999
2024-11-04,68775.99000000,69500.00000000,66835.00000000,67850.01000000,29800.39187000,1730764799999
2024-11-05,67850.01000000,70577.91000000,67476.63000000,69372.01000000,33355.06888000,1730851199999
2024-11-06,69372.01000000,76400.00000000,69298.00000000,75571.99000000,104126.99478700,1730937599999
2024-11-07,75571.99000000,76849.99000000,74416.00000000,75857.89000000,44869.42234500,1731023999999
2024-11-08,75857.89000000,77199.99000000,75555.00000000,76509.78000000,36521.09958300,1731110399999
2024-11-09,76509.78000000,76900.00000000,75714.66000000,76677.46000000,16942.07915000,1731196799999
2024-11-10,76677.46000000,81500.00000000,76492.00000000,80370.01000000,61830.10043500,1731283199999
2024-11-11,80370.01000000,89530.54000000,80216.01000000,88647.99000000,82323.66577600,1731369599999
2024-11-12,88648.00000000,89940.00000000,85072.00000000,87952.01000000,97299.88791100,1731455999999
2024-11-13,87952.00000000,93265.64000000,86127.99000000,90375.20000000,86763.85412700,1731542399999
2024-11-14,90375.21000000,91790.00000000,86668.21000000,87325.59000000,56729.51086000,1731628799999
2024-11-15,87325.59000000,91850.00000000,87073.38000000,91032.07000000,47927.95068000,1731715199999
2024-11-16,91032.08000000,91779.66000000,90056.17000000,90586.92000000,22717.87689000,1731801599999
2024-11-17,90587.98000000,91449.99000000,88722.00000000,89855.99000000,23867.55609000,1731887999999
2024-11-18,89855.98000000,92594.00000000,89376.90000000,90464.08000000,46545.03448000,1731974399999
2024-11-19,90464.07000000,93905.51000000,90357.00000000,92310.79000000,43660.04682000,1732060799999
2024-11-20,92310.80000000,94831.97000000,91500.00000000,94286.56000000,42203.19871200,1732147199999
2024-11-21,94286.56000000,98988.00000000,94040.00000000,98317.12000000,69228.36047700,1732233599999
2024-11-22,98317.12000000,99588.01000000,97122.11000000,98892.00000000,46189.30924300,1732319999999
2024-11-23,98892.00000000,98908.85000000,97136.00000000,97672.40000000,24757.84367000,1732406399999
2024-11-24,97672.40000000,98564.00000000,95734.77000000,97900.04000000,31200.97838000,1732492799999
2024-11-25,97900.05000000,98871.80000000,92600.19000000,93010.01000000,50847.45096000,1732579199999
2024-11-26,93010.01000000,94973.37000000,90791.10000000,91965.16000000,57858.73138000,1732665599999
2024-11-27,91965.16000000,97208.21000000,91792.14000000,95863.11000000,41153.42734000,1732751999999
2024-11-28,95863.11000000,96564.00000000,94640.00000000,95643.98000000,28814.54357000,1732838399999
2024-11-29,95643.99000000,98619.99000000,95364.99000000,97460.00000000,27701.78231000,1732924799999
2024-11-30,97460.00000000,97463.95000000,96092.01000000,96407.99000000,14503.83306000,1733011199999
2024-12-01,96407.99000000,97836.00000000,95693.88000000,97185.18000000,16938.60452000,1733097599999
2024-12-02,97185.17000000,98130.00000000,94395.00000000,95840.62000000,37958.66981000,1733183999999
2024-12-03,95840.61000000,96305.52000000,93578.17000000,95849.69000000,35827.32283000,1733270399999
2024-12-04,95849.69000000,99000.00000000,94587.83000000,98587.32000000,43850.53728000,1733356799999
2024-12-05,98587.32000000,104088.00000000,90500.00000000,96945.63000000,109921.72966200,1733443199999
2024-12-06,96945.63000000,101898.99000000,95981.72000000,99740.84000000,45049.53310000,1733529599999
2024-12-07,99740.84000000,100439.18000000,98844.00000000,99831.99000000,14931.94590000,1733615999999
2024-12-08,99831.99000000,101351.00000000,98657.70000000,101109.59000000,14612.99688000,1733702399999
2024-12-09,101109.60000000,101215.93000000,94150.05000000,97276.47000000,53949.11595000,1733788799999
2024-12-10,97276.48000000,98270.00000000,94256.54000000,96593.00000000,51708.68933000,1733875199999
2024-12-11,96593.00000000,101888.00000000,95658.24000000,101125.00000000,37753.78291000,1733961599999
2024-12-12,101125.00000000,102540.00000000,99311.64000000,100004.29000000,29232.08745000,1734047999999
2024-12-13,100004.29000000,101895.26000000,99205.00000000,101424.25000000,21904.03923000,1734134399999
2024-12-14,101424.24000000,102650.00000000,100609.41000000,101420.00000000,14191.70326000,1734220799999
2024-12-15,101420.00000000,105250.00000000,101237.14000000,104463.99000000,22228.92177500,1734307199999
2024-12-16,104463.99000000,107793.07000000,103333.00000000,106058.66000000,41302.40274000,1734393599999
2024-12-17,106058.65000000,108353.00000000,105321.49000000,106133.74000000,29064.93646600,1734479999999
2024-12-18,106133.74000000,106524.98000000,100000.00000000,100204.01000000,50307.99755000,1734566399999
2024-12-19,100204.01000000,102800.11000000,95700.00000000,97461.86000000,55147.39800000,1734652799999
2024-12-20,97461.86000000,98233.00000000,92232.54000000,97805.44000000,62884.13570000,1734739199999
2024-12-21,97805.44000000,99540.61000000,96398.39000000,97291.99000000,23483.54143000,1734825599999
2024-12-22,97292.00000000,97448.08000000,94250.35000000,95186.27000000,19353.83036000,1734911999999
2024-12-23,95186.28000000,96538.92000000,92520.00000000,94881.47000000,32810.76703000,1734998399999
2024-12-24,94881.47000000,99487.99000000,93569.02000000,98663.58000000,23674.22488000,1735084799999
2024-12-25,98663.58000000,99569.15000000,97632.02000000,99429.60000000,14474.16510000,1735171199999
2024-12-26,99429.61000000,99963.70000000,95199.14000000,95791.60000000,21192.36727000,1735257599999
2024-12-27,95791.60000000,97544.58000000,93500.01000000,94299.03000000,26501.26429000,1735343999999
2024-12-28,94299.03000000,95733.99000000,94135.66000000,95300.00000000,8385.89290000,1735430399999
2024-12-29,95300.00000000,95340.00000000,93009.52000000,93738.20000000,13576.00578000,1735516799999
2024-12-30,93738.19000000,95024.50000000,91530.45000000,92792.05000000,27619.42250000,1735603199999
2024-12-31,92792.05000000,96250.00000000,92033.73000000,93576.00000000,19612.03389000,1735689599999
2025-01-01,93576.00000000,95151.15000000,92888.00000000,94591.79000000,10373.32613000,1735775999999
2025-01-02,94591.78000000,97839.50000000,94392.00000000,96984.79000000,21970.48948000,1735862399999
2025-01-03,96984.79000000,98976.91000000,96100.01000000,98174.18000000,15253.82936000,1735948799999
2025-01-04,98174.17000000,98778.43000000,97514.79000000,98220.50000000,8990.05651000,1736035199999
2025-01-05,98220.51000000,98836.85000000,97276.79000000,98363.61000000,8095.63723000,1736121599999
2025-01-06,98363.61000000,102480.00000000,97920.00000000,102235.60000000,25263.43375000,1736207999999
2025-01-07,102235.60000000,102724.38000000,96181.81000000,96954.61000000,32059.87537000,1736294399999
2025-01-08,96954.60000000,97268.65000000,92500.90000000,95060.61000000,33704.67894000,1736380799999
2025-01-09,95060.61000000,95382.32000000,91203.67000000,92552.49000000,34544.83685000,1736467199999
2025-01-10,92552.49000000,95836.00000000,92206.02000000,94726.11000000,31482.86424000,1736553599999
2025-01-11,94726.10000000,95050.94000000,93831.73000000,94599.99000000,7047.90430000,1736639999999
2025-01-12,94599.99000000,95450.10000000,93711.19000000,94545.06000000,8606.86622000,1736726399999
2025-01-13,94545.07000000,95940.00000000,89256.69000000,94536.10000000,42619.56423000,1736812799999
2025-01-14,94536.11000000,97371.00000000,94346.22000000,96560.86000000,27846.61753000,1736899199999
2025-01-15,96560.85000000,100681.94000000,96500.00000000,100497.35000000,30509.99179000,1736985599999
2025-01-16,100497.35000000,100866.66000000,97335.13000000,99987.30000000,27832.85317000,1737071999999
2025-01-17,99987.30000000,105865.22000000,99950.77000000,104077.48000000,39171.85292000,1737158399999
2025-01-18,104077.47000000,104988.88000000,102277.55000000,104556.23000000,24307.82998000,1737244799999
2025-01-19,104556.23000000,106422.43000000,99651.60000000,101331.57000000,43397.28298000,1737331199999
2025-01-20,101331.57000000,109588.00000000,99550.00000000,102260.01000000,89529.23173200,1737417599999
2025-01-21,102260.00000000,107240.81000000,100119.04000000,106143.82000000,45941.02002000,1737503999999
2025-01-22,106143.82000000,106394.46000000,103339.12000000,103706.66000000,22248.69254000,1737590399999
2025-01-23,103706.66000000,106850.00000000,101262.28000000,103910.34000000,53953.12031000,1737676799999
2025-01-24,103910.35000000,107120.00000000,102750.00000000,104870.50000000,23609.24017000,1737763199999
2025-01-25,104870.51000000,105286.52000000,104106.09000000,104746.85000000,9068.32377000,1737849599999
2025-01-26,104746.86000000,105500.00000000,102520.44000000,102620.00000000,9812.51238000,1737935999999
2025-01-27,102620.01000000,103260.00000000,97777.77000000,102082.83000000,50758.13410000,1738022399999
2025-01-28,102082.83000000,103800.00000000,100272.68000000,101335.52000000,22022.05765000,1738108799999
2025-01-29,101335.52000000,104782.68000000,101328.01000000,103733.24000000,23155.35802000,1738195199999
2025-01-30,103733.25000000,106457.44000000,103278.54000000,104722.94000000,19374.07472000,1738281599999
2025-01-31,104722.94000000,106012.00000000,101560.00000000,102429.56000000,21983.18193000,1738367999999
2025-02-01,102429.56000000,102783.71000000,100279.51000000,100635.65000000,12290.95747000,1738454399999
2025-02-02,100635.66000000,101456.60000000,96150.00000000,97700.59000000,34619.49939000,1738540799999
2025-02-03,97700.59000000,102500.01000000,91231.00000000,101328.52000000,75164.73850000,1738627199999
2025-02-04,101328.51000000,101732.31000000,96150.00000000,97763.13000000,40267.98697000,1738713599999
2025-02-05,97763.14000000,99149.00000000,96155.00000000,96612.43000000,26233.30444000,1738799999999
2025-02-06,96612.44000000,99120.00000000,95676.64000000,96554.35000000,23515.20405000,1738886399999
2025-02-07,96554.35000000,100137.99000000,95620.34000000,96506.80000000,31794.22065000,1738972799999
2025-02-08,96506.80000000,96880.00000000,95688.00000000,96444.74000000,10147.24294000,1739059199999
2025-02-09,96444.75000000,97323.09000000,94713.00000000,96462.75000000,14120.91613000,1739145599999
2025-02-10,96462.75000000,98345.00000000,95256.00000000,97430.82000000,20572.87537000,1739231999999
2025-02-11,97430.82000000,98478.42000000,94876.88000000,95778.20000000,18647.76379000,1739318399999
2025-02-12,95778.21000000,98119.99000000,94088.23000000,97869.99000000,29151.16625000,1739404799999
2025-02-13,97870.00000000,98083.91000000,95217.36000000,96608.14000000,19921.77616000,1739491199999
2025-02-14,96608.13000000,98826.00000000,96252.82000000,97500.48000000,18173.02646000,1739577599999
2025-02-15,97500.47000000,97972.26000000,97223.58000000,97569.66000000,7349.37683000,1739663999999
2025-02-16,97569.67000000,97704.47000000,96046.18000000,96118.12000000,8191.42490000,1739750399999
2025-02-17,96118.12000000,97046.59000000,95205.00000000,95780.00000000,16492.04510000,1739836799999
2025-02-18,95780.01000000,96753.91000000,93388.09000000,95671.74000000,23368.19471000,1739923199999
2025-02-19,95671.74000000,96899.99000000,95029.99000000,96644.37000000,16438.50954000,1740009599999
2025-02-20,96644.37000000,98711.36000000,96415.09000000,98305.00000000,17057.39177000,1740095999999
2025-02-21,98305.01000000,99475.00000000,94871.95000000,96181.98000000,32249.28140000,1740182399999
2025-02-22,96181.99000000,96980.00000000,95770.49000000,96551.01000000,11268.17708000,1740268799999
2025-02-23,96551.01000000,96650.00000000,95227.94000000,96258.00000000,10884.84913000,1740355199999
2025-02-24,96258.00000000,96500.00000000,91349.26000000,91552.88000000,31550.10299000,1740441599999
2025-02-25,91552.88000000,92540.69000000,86050.99000000,88680.40000000,78333.11111000,1740527999999
2025-02-26,88680.39000000,89414.15000000,82256.01000000,84250.09000000,56893.54409000,1740614399999
2025-02-27,84250.09000000,87078.46000000,82716.49000000,84708.58000000,42505.45439000,1740700799999
2025-02-28,84708.57000000,85120.00000000,78258.52000000,84349.94000000,83648.03969000,1740787199999
2025-03-01,84349.95000000,86558.00000000,83824.78000000,86064.53000000,25785.05464000,1740873599999
2025-03-02,86064.54000000,95000.00000000,85050.60000000,94270.00000000,54889.09045000,1740959999999
2025-03-03,94269.99000000,94416.46000000,85117.11000000,86220.61000000,59171.10218000,1741046399999
2025-03-04,86221.16000000,88967.52000000,81500.00000000,87281.98000000,55609.10706000,1741132799999
2025-03-05,87281.98000000,91000.00000000,86334.53000000,90606.01000000,38264.01163000,1741219199999
2025-03-06,90606.00000000,92810.64000000,87836.00000000,89931.89000000,34342.44902000,1741305599999
2025-03-07,89931.88000000,91283.02000000,84667.03000000,86801.75000000,57980.35713000,1741391999999
2025-03-08,86801.74000000,86897.25000000,85218.47000000,86222.45000000,12989.23054000,1741478399999
2025-03-09,86222.46000000,86500.00000000,80000.00000000,80734.37000000,26115.39345000,1741564799999
2025-03-10,80734.48000000,84123.46000000,77459.91000000,78595.86000000,47633.38405000,1741651199999
2025-03-11,78595.86000000,83617.40000000,76606.00000000,82932.99000000,48770.06853000,1741737599999
2025-03-12,82932.99000000,84539.85000000,80607.65000000,83680.12000000,31933.98600000,1741823999999
2025-03-13,83680.12000000,84336.33000000,79939.90000000,81115.78000000,27546.27412000,1741910399999
2025-03-14,81115.78000000,85309.71000000,80818.84000000,83983.20000000,26858.52755000,1741996799999
2025-03-15,83983.19000000,84676.28000000,83618.00000000,84338.44000000,11324.73320000,1742083199999
2025-03-16,84338.44000000,85117.04000000,81981.12000000,82574.53000000,17596.12531000,1742169599999
2025-03-17,82574.52000000,84756.83000000,82456.00000000,84010.03000000,17214.74358000,1742255999999
2025-03-18,84010.02000000,84021.74000000,81134.66000000,82715.03000000,17610.89883000,1742342399999
2025-03-19,82715.03000000,87000.00000000,82547.16000000,86845.94000000,28151.05374000,1742428799999
2025-03-20,86845.93000000,87453.67000000,83655.23000000,84223.39000000,22090.30463000,1742515199999
2025-03-21,84223.38000000,84850.33000000,83175.25000000,84088.79000000,11956.97443000,1742601599999
2025-03-22,84088.79000000,84539.17000000,83625.10000000,83840.59000000,5420.22114000,1742687999999
2025-03-23,83840.59000000,86129.64000000,83809.75000000,86082.50000000,8461.97813000,1742774399999
2025-03-24,86082.50000000,88765.43000000,85519.09000000,87498.16000000,30115.62111000,1742860799999
2025-03-25,87498.16000000,88539.63000000,86310.00000000,87392.87000000,22643.25248000,1742947199999
2025-03-26,87392.88000000,88275.00000000,85860.00000000,86909.17000000,18408.78485000,1743033599999
2025-03-27,86909.17000000,87756.39000000,85800.00000000,87232.01000000,17098.03897000,1743119999999
2025-03-28,87232.01000000,87515.67000000,83585.00000000,84424.38000000,27182.73169000,1743206399999
2025-03-29,84424.38000000,84624.73000000,81644.81000000,82648.54000000,11696.39864000,1743292799999
2025-03-30,82648.53000000,83534.64000000,81565.00000000,82389.99000000,9864.49508000,1743379199999
2025-03-31,82390.00000000,83943.08000000,81278.52000000,82550.01000000,20569.13885000,1743465599999
2025-04-01,82550.00000000,85579.46000000,82432.74000000,85158.34000000,20190.39697000,1743551999999
2025-04-02,85158.35000000,88500.00000000,82320.00000000,82516.29000000,39931.45700000,1743638399999
2025-04-03,82516.28000000,83998.02000000,81211.24000000,83213.09000000,27337.84135000,1743724799999
2025-04-04,83213.09000000,84720.00000000,81659.00000000,83889.87000000,32915.53976000,1743811199999
2025-04-05,83889.87000000,84266.00000000,82379.95000000,83537.99000000,9360.40468000,1743897599999
2025-04-06,83537.99000000,83817.63000000,77153.83000000,78430.00000000,27942.71436000,1743983999999
2025-04-07,78430.00000000,81243.58000000,74508.00000000,79163.24000000,78387.53089000,1744070399999
2025-04-08,79163.24000000,80867.99000000,76239.90000000,76322.42000000,35317.32063000,1744156799999
2025-04-09,76322.42000000,83588.00000000,74620.00000000,82615.22000000,75488.28772000,1744243199999
2025-04-10,82615.22000000,82753.21000000,78464.36000000,79607.30000000,33284.80718000,1744329599999
2025-04-11,79607.30000000,84300.00000000,78969.58000000,83423.84000000,34435.43797000,1744415999999
2025-04-12,83423.83000000,85905.00000000,82792.95000000,85276.90000000,18470.74437000,1744502399999
2025-04-13,85276.91000000,86100.00000000,83034.23000000,83760.00000000,24680.04181000,1744588799999
2025-04-14,83760.00000000,85799.99000000,83678.00000000,84591.58000000,28659.09348000,1744675199999
2025-04-15,84591.58000000,86496.42000000,83600.00000000,83643.99000000,20910.99528000,1744761599999
2025-04-16,83643.99000000,85500.00000000,83111.64000000,84030.38000000,20867.24519000,1744847999999
2025-04-17,84030.38000000,85470.01000000,83736.26000000,84947.91000000,13728.84772000,1744934399999
2025-04-18,84947.92000000,85132.08000000,84303.96000000,84474.69000000,6529.96315000,1745020799999
2025-04-19,84474.70000000,85677.99000000,84364.45000000,85077.01000000,9666.58153000,1745107199999
2025-04-20,85077.00000000,85320.76000000,83949.52000000,85179.24000000,8091.67725000,1745193599999
2025-04-21,85179.24000000,88465.99000000,85144.76000000,87516.23000000,31773.37262000,1745279999999
2025-04-22,87516.22000000,93888.00000000,87076.03000000,93442.99000000,43872.74705000,1745366399999
2025-04-23,93442.99000000,94696.05000000,91935.41000000,93691.08000000,27404.16808000,1745452799999
2025-04-24,93691.07000000,94005.00000000,91660.01000000,93980.47000000,19497.06071000,1745539199999
2025-04-25,93980.47000000,95758.04000000,92855.96000000,94638.68000000,27500.66648000,1745625599999
2025-04-26,94638.68000000,95199.00000000,93870.69000000,94628.00000000,9415.06875000,1745711999999
2025-04-27,94628.00000000,95369.00000000,93602.58000000,93749.30000000,11162.84100000,1745798399999
2025-04-28,93749.29000000,95630.00000000,92800.01000000,95011.18000000,22157.53351000,1745884799999
2025-04-29,95011.18000000,95461.53000000,93742.54000000,94256.82000000,16955.34020000,1745971199999
2025-04-30,94256.82000000,95228.45000000,92910.00000000,94172.00000000,17661.27510000,1746057599999
2025-05-01,94172.00000000,97424.02000000,94130.43000000,96489.91000000,21380.45343000,1746143999999
2025-05-02,96489.90000000,97895.68000000,96350.00000000,96887.14000000,14905.74811000,1746230399999
2025-05-03,96887.13000000,96935.67000000,95753.01000000,95856.42000000,9723.34838000,1746316799999
2025-05-04,95856.42000000,96304.48000000,94151.38000000,94277.62000000,11036.38342000,1746403199999
2025-05-05,94277.61000000,95199.00000000,93514.10000000,94733.68000000,17251.18189000,1746489599999
2025-05-06,94733.68000000,96920.65000000,93377.00000000,96834.02000000,16122.64513000,1746575999999
2025-05-07,96834.02000000,97732.00000000,95784.61000000,97030.50000000,16644.83854000,1746662399999
2025-05-08,97030.50000000,104145.76000000,96876.29000000,103261.60000000,34962.02847000,1746748799999
2025-05-09,103261.61000000,104361.30000000,102315.14000000,102971.99000000,27617.39907000,1746835199999
2025-05-10,102971.99000000,104984.57000000,102818.76000000,104809.53000000,15324.78611000,1746921599999
2025-05-11,104809.53000000,104972.00000000,103345.06000000,104118.00000000,17987.12197000,1747007999999
2025-05-12,104118.00000000,105819.45000000,100718.37000000,102791.32000000,31272.77792000,1747094399999
2025-05-13,102791.32000000,104976.25000000,101429.70000000,104103.72000000,21253.42409000,1747180799999
2025-05-14,104103.72000000,104356.95000000,102602.05000000,103507.82000000,16452.90810000,1747267199999
2025-05-15,103507.83000000,104192.70000000,101383.07000000,103763.71000000,17998.98604000,1747353599999
2025-05-16,103763.71000000,104550.33000000,103100.49000000,103463.90000000,15683.88024000,1747439999999
2025-05-17,103463.90000000,103709.86000000,102612.50000000,103126.65000000,11250.89622000,1747526399999
2025-05-18,103126.65000000,106660.00000000,103105.09000000,106454.26000000,21599.98726000,1747612799999
2025-05-19,106454.27000000,107108.62000000,102000.00000000,105573.74000000,30260.03524000,1747699199999
2025-05-20,105573.73000000,107320.00000000,104184.72000000,106849.99000000,23705.48275000,1747785599999
2025-05-21,106850.00000000,110797.38000000,106100.01000000,109643.99000000,45531.04034500,1747871999999
2025-05-22,109643.99000000,111980.00000000,109177.37000000,111696.21000000,31630.77313000,1747958399999
2025-05-23,111696.22000000,111800.00000000,106800.00000000,107318.30000000,31737.72309000,1748044799999
2025-05-24,107318.30000000,109506.03000000,106875.41000000,107761.91000000,16782.53129000,1748131199999
2025-05-25,107761.90000000,109299.99000000,106600.64000000,109004.19000000,17710.04695000,1748217599999
2025-05-26,109004.20000000,110422.22000000,108670.58000000,109434.79000000,14649.11593000,1748303999999
2025-05-27,109434.78000000,110718.00000000,107516.57000000,108938.17000000,21276.65635000,1748390399999
2025-05-28,108938.17000000,109284.70000000,106769.43000000,107781.78000000,15633.78829000,1748476799999
2025-05-29,107781.78000000,108891.91000000,105322.86000000,105589.75000000,19834.70116000,1748563199999
2025-05-30,105589.75000000,106313.12000000,103621.00000000,103985.48000000,23706.49799000,1748649599999
2025-05-31,103985.47000000,104900.00000000,103068.55000000,104591.88000000,11289.35922000,1748735999999
2025-06-01,104591.88000000,105866.91000000,103752.49000000,105642.93000000,9709.70006000,1748822399999
2025-06-02,105642.93000000,105935.63000000,103659.88000000,105857.99000000,13453.98813000,1748908799999
2025-06-03,105858.00000000,106794.67000000,104872.50000000,105376.89000000,13259.52634000,1748995199999
2025-06-04,105376.90000000,106000.00000000,104179.00000000,104696.86000000,14034.89482000,1749081599999
2025-06-05,104696.86000000,105909.71000000,100372.26000000,101508.68000000,22321.50154000,1749167999999
2025-06-06,101508.69000000,105333.00000000,101095.80000000,104288.44000000,15839.07385000,1749254399999
2025-06-07,104288.43000000,105900.00000000,103871.09000000,105552.15000000,8344.93206000,1749340799999
2025-06-08,105552.15000000,106488.14000000,104964.14000000,105734.00000000,8048.06305000,1749427199999
2025-06-09,105734.01000000,110530.17000000,105318.37000000,110263.02000000,19975.37451000,1749513599999
2025-06-10,110263.02000000,110400.00000000,108331.03000000,110274.39000000,17071.82839000,1749599999999
2025-06-11,110274.39000000,110392.01000000,108064.00000000,108645.12000000,13115.91638000,1749686399999
2025-06-12,108645.13000000,108813.55000000,105671.72000000,105671.73000000,17778.67218000,1749772799999
2025-06-13,105671.74000000,106179.53000000,102664.31000000,106066.59000000,26180.81734000,1749859199999
2025-06-14,106066.59000000,106252.00000000,104300.00000000,105414.64000000,8798.93969000,1749945599999
2025-06-15,105414.63000000,106128.57000000,104494.53000000,105594.01000000,7164.20047000,1750031999999
2025-06-16,105594.02000000,108952.38000000,104980.37000000,106794.53000000,14922.66540000,1750118399999
2025-06-17,106794.53000000,107771.34000000,103371.02000000,104551.17000000,17866.33025000,1750204799999
2025-06-18,104551.17000000,105550.27000000,103500.00000000,104886.78000000,13968.64167000,1750291199999
2025-06-19,104886.79000000,105226.17000000,103929.27000000,104658.59000000,7678.60737000,1750377599999
2025-06-20,104658.59000000,106524.65000000,102345.00000000,103297.99000000,16419.06283000,1750463999999
2025-06-21,103297.98000000,103982.64000000,100837.90000000,102120.01000000,11154.21332000,1750550399999
2025-06-22,102120.02000000,103399.62000000,98200.00000000,100963.87000000,28746.41072000,1750636799999
2025-06-23,100963.87000000,106074.20000000,99613.33000000,105333.93000000,27666.50609000,1750723199999
2025-06-24,105333.94000000,106290.00000000,104622.02000000,106083.00000000,14651.69335000,1750809599999
2025-06-25,106083.00000000,108135.30000000,105808.03000000,107340.58000000,16701.15551000,1750895999999
2025-06-26,107340.59000000,108272.45000000,106562.50000000,106947.06000000,10573.27279000,1750982399999
2025-06-27,106947.06000000,107735.34000000,106356.76000000,107047.59000000,12232.44042000,1751068799999
2025-06-28,107047.58000000,107577.75000000,106811.51000000,107296.79000000,3282.17352000,1751155199999
2025-06-29,107296.79000000,108528.50000000,107172.52000000,108356.93000000,6831.73640000,1751241599999
2025-06-30,108356.93000000,108789.99000000,106733.33000000,107146.50000000,9754.12491000,1751327999999
2025-07-01,107146.51000000,107540.00000000,105250.85000000,105681.14000000,10505.62437000,1751414399999
2025-07-02,105681.13000000,109730.00000000,105100.19000000,108849.60000000,17691.89592000,1751500799999
2025-07-03,108849.59000000,110529.18000000,108530.40000000,109584.78000000,13047.08225000,1751587199999
2025-07-04,109584.77000000,109767.59000000,107245.00000000,107984.24000000,11793.86615000,1751673599999
2025-07-05,107984.25000000,108420.56000000,107756.31000000,108198.12000000,3736.97570000,1751759999999
2025-07-06,108198.12000000,109700.00000000,107800.01000000,109203.84000000,6447.60700000,1751846399999
2025-07-07,109203.85000000,109700.00000000,107513.20000000,108262.94000000,9405.37601000,1751932799999
2025-07-08,108262.94000000,109216.56000000,107429.57000000,108922.98000000,9216.02080000,1752019199999
2025-07-09,108922.99000000,111999.79000000,108324.53000000,111233.99000000,17282.28650000,1752105599999
2025-07-10,111234.00000000,116868.00000000,110500.00000000,116010.00000000,24883.45066500,1752191999999
2025-07-11,116010.01000000,118869.98000000,115222.22000000,117527.66000000,25873.52114800,1752278399999
2025-07-12,117527.66000000,118200.00000000,116900.05000000,117420.00000000,8446.60437000,1752364799999
2025-07-13,117420.00000000,119488.00000000,117224.79000000,119086.64000000,9550.79294700,1752451199999
2025-07-14,119086.65000000,123218.00000000,118905.18000000,119841.18000000,27269.34887700,1752537599999
2025-07-15,119841.17000000,119940.83000000,115736.92000000,117758.09000000,32018.46083000,1752623999999
2025-07-16,117758.08000000,120063.84000000,117017.29000000,118630.43000000,17039.90851000,1752710399999
2025-07-17,118630.44000000,120998.71000000,117453.57000000,119177.56000000,15728.57651000,1752796799999
2025-07-18,119177.56000000,120820.71000000,116812.76000000,117924.84000000,19924.66266000,1752883199999
2025-07-19,117924.84000000,118499.90000000,117277.34000000,117840.00000000,6635.80306000,1752969599999
2025-07-20,117840.01000000,118856.80000000,116467.02000000,117265.12000000,12962.92889000,1753055999999
2025-07-21,117265.11000000,119676.73000000,116515.00000000,117380.36000000,17107.33128000,1753142399999
2025-07-22,117380.36000000,120247.80000000,116128.00000000,119954.42000000,20959.12973000,1753228799999
2025-07-23,119954.43000000,120090.00000000,117301.00000000,118755.99000000,14558.75083000,1753315199999
2025-07-24,118756.00000000,119450.00000000,117103.10000000,118340.99000000,15806.89043000,1753401599999
2025-07-25,118340.98000000,118451.57000000,114723.16000000,117614.31000000,38406.34873000,1753487999999
2025-07-26,117614.31000000,118297.35000000,117138.38000000,117919.99000000,6991.67206000,1753574399999
2025-07-27,117919.99000000,119766.65000000,117825.50000000,119415.55000000,9328.30919000,1753660799999
2025-07-28,119415.56000000,119800.00000000,117427.50000000,118062.32000000,13961.74754000,1753747199999
2025-07-29,118062.32000000,119273.36000000,116950.75000000,117950.76000000,15137.93445000,1753833599999
2025-07-30,117950.75000000,118792.00000000,115796.23000000,117840.30000000,15586.73631000,1753919999999
2025-07-31,117840.29000000,118922.45000000,115500.00000000,115764.08000000,17010.00730000,1754006399999
2025-08-01,115764.07000000,116052.00000000,112722.58000000,113297.93000000,24487.10206000,1754092799999
2025-08-02,113297.92000000,114063.49000000,112003.00000000,112546.35000000,11507.33428000,1754179199999
2025-08-03,112546.35000000,114799.97000000,111920.00000000,114208.80000000,7397.76046000,1754265599999
2025-08-04,114208.81000000,115720.00000000,114107.60000000,115055.03000000,9667.67916000,1754351999999
2025-08-05,115055.03000000,115127.81000000,112650.00000000,114129.75000000,12042.79078000,1754438399999
2025-08-06,114129.75000000,115716.00000000,113355.13000000,114992.27000000,9761.15318000,1754524799999
2025-08-07,114992.27000000,117621.00000000,114259.00000000,117472.01000000,13468.56263000,1754611199999
2025-08-08,117472.02000000,117630.00000000,115878.71000000,116674.74000000,10045.31278000,1754697599999
2025-08-09,116674.74000000,117944.05000000,116299.13000000,116462.25000000,9514.13144000,1754783999999
2025-08-10,116462.25000000,119311.11000000,116460.63000000,119294.01000000,14322.77073000,1754870399999
2025-08-11,119294.27000000,122335.16000000,118050.11000000,118686.00000000,26494.33429000,1754956799999
2025-08-12,118686.00000000,120324.43000000,118207.47000000,120134.08000000,16720.10893000,1755043199999
2025-08-13,120134.09000000,123667.79000000,118920.92000000,123306.43000000,23210.07102000,1755129599999
2025-08-14,123306.44000000,124474.00000000,117180.00000000,118295.09000000,27980.94758600,1755215999999
2025-08-15,118295.09000000,119216.82000000,116803.99000000,117342.05000000,13623.33874000,1755302399999
2025-08-16,117342.04000000,117898.99000000,117143.98000000,117380.66000000,6393.68117000,1755388799999
2025-08-17,117380.66000000,118575.00000000,117172.21000000,117405.01000000,5898.64192000,1755475199999
2025-08-18,117405.01000000,117543.75000000,114640.14000000,116227.05000000,17745.93954000,1755561599999
2025-08-19,116227.05000000,116725.69000000,112732.58000000,112872.94000000,18065.47424000,1755647999999
2025-08-20,112872.95000000,114615.38000000,112380.00000000,114271.24000000,15636.34194000,1755734399999
2025-08-21,114271.23000000,114821.76000000,112015.67000000,112500.00000000,10839.69235000,1755820799999
2025-08-22,112500.00000000,117429.05000000,111684.79000000,116935.99000000,23128.09037000,1755907199999
2025-08-23,116936.00000000,117030.00000000,114560.00000000,115438.05000000,11329.36197000,1755993599999
2025-08-24,115438.06000000,115666.68000000,110680.00000000,113493.59000000,21175.98462000,1756079999999
2025-08-25,113493.59000000,113667.28000000,109274.10000000,110111.98000000,25182.79379000,1756166399999
2025-08-26,110111.98000000,112371.00000000,108666.66000000,111763.22000000,18452.43877000,1756252799999
2025-08-27,111763.22000000,112625.00000000,110345.42000000,111262.01000000,13392.60875000,1756339199999
2025-08-28,111262.01000000,113485.90000000,110862.42000000,112566.90000000,11104.27744000,1756425599999
2025-08-29,112566.90000000,112638.64000000,107463.90000000,108377.40000000,22580.31045000,1756511999999
2025-08-30,108377.40000000,108926.15000000,107350.10000000,108816.33000000,10708.39159000,1756598399999
2025-08-31,108816.33000000,109480.02000000,108076.93000000,108246.35000000,9489.51596000,1756684799999
2025-09-01,108246.36000000,109912.40000000,107255.00000000,109237.42000000,16053.60219000,1756771199999
2025-09-02,109237.43000000,111771.52000000,108393.39000000,111240.01000000,18510.28756000,1756857599999
2025-09-03,111240.01000000,112575.27000000,110528.71000000,111705.71000000,11773.72084000,1756943999999
2025-09-04,111705.72000000,112180.00000000,109329.12000000,110730.87000000,12203.13536000,1757030399999
2025-09-05,110730.87000000,113384.62000000,110206.96000000,110659.99000000,21587.40888000,1757116799999
2025-09-06,110660.00000000,111307.70000000,109977.00000000,110187.97000000,5000.29897000,1757203199999
2025-09-07,110187.98000000,111600.00000000,110180.00000000,111137.34000000,5681.29944000,1757289599999
2025-09-08,111137.35000000,112924.37000000,110621.78000000,112065.23000000,11582.40211000,1757375999999
2025-09-09,112065.23000000,113293.29000000,110766.66000000,111546.39000000,15379.28248000,1757462399999
2025-09-10,111546.38000000,114313.13000000,110917.45000000,113960.00000000,17517.41823000,1757548799999
2025-09-11,113960.00000000,115488.09000000,113430.00000000,115482.69000000,13676.73119000,1757635199999
2025-09-12,115482.69000000,116665.63000000,114740.99000000,116029.42000000,15324.10719000,1757721599999
2025-09-13,116029.41000000,116298.78000000,115127.27000000,115918.29000000,8269.40394000,1757807999999
2025-09-14,115918.29000000,116165.19000000,115135.00000000,115268.01000000,6707.60197000,1757894399999
2025-09-15,115268.01000000,116757.99000000,114384.00000000,115349.71000000,13212.51149000,1757980799999
2025-09-16,115349.71000000,116964.27000000,114737.11000000,116788.96000000,10926.90940000,1758067199999
2025-09-17,116788.96000000,117286.73000000,114720.81000000,116447.59000000,16754.24540000,1758153599999
2025-09-18,116447.60000000,117900.00000000,116092.76000000,117073.53000000,11657.23365000,1758239999999
2025-09-19,117073.53000000,117459.99000000,115100.00000000,115632.38000000,8992.09065000,1758326399999
2025-09-20,115632.39000000,116121.81000000,115408.47000000,115685.63000000,4674.92752000,1758412799999
2025-09-21,115685.63000000,115819.06000000,115188.00000000,115232.29000000,4511.52219000,1758499199999
2025-09-22,115232.29000000,115379.25000000,111800.00000000,112650.99000000,20781.71356000,1758585599999
2025-09-23,112650.99000000,113290.50000000,111458.73000000,111998.80000000,12301.32030000,1758671999999
2025-09-24,111998.80000000,113940.00000000,111042.66000000,113307.00000000,12369.25967000,1758758399999
2025-09-25,113307.01000000,113510.23000000,108631.51000000,108994.49000000,21231.14957000,1758844799999
2025-09-26,108994.49000000,110300.00000000,108620.07000000,109643.46000000,14243.01591000,1758931199999
2025-09-27,109643.46000000,109743.91000000,109064.40000000,109635.85000000,5501.78643000,1759017599999
2025-09-28,109635.85000000,112350.00000000,109189.99000000,112163.95000000,7542.33160000,1759103999999
2025-09-29,112163.96000000,114400.00000000,111560.65000000,114311.96000000,15541.12005000,1759190399999
2025-09-30,114311.97000000,114792.00000000,112656.27000000,114048.93000000,15044.15633000,1759276799999
2025-10-01,114048.94000000,118649.10000000,113966.67000000,118594.99000000,20036.39516000,1759363199999
2025-10-02,118594.99000000,121022.07000000,118279.31000000,120529.35000000,19670.83503000,1759449599999
2025-10-03,120529.35000000,123894.99000000,119248.30000000,122232.00000000,23936.32800000,1759535999999
2025-10-04,122232.21000000,122800.00000000,121510.00000000,122391.00000000,8208.16678000,1759622399999
2025-10-05,122390.99000000,125708.42000000,122136.00000000,123482.31000000,22043.09755300,1759708799999
2025-10-06,123482.32000000,126199.63000000,123084.00000000,124658.54000000,19494.62879300,1759795199999
2025-10-07,124658.54000000,125126.00000000,120574.94000000,121332.95000000,21633.99385000,1759881599999
2025-10-08,121332.96000000,124197.25000000,121066.14000000,123306.00000000,17012.61800000,1759967999999
2025-10-09,123306.01000000,123762.94000000,119651.47000000,121662.40000000,21559.36007000,1760054399999
2025-10-10,121662.41000000,122550.00000000,102000.00000000,112774.50000000,64171.93927000,1760140799999
2025-10-11,112774.49000000,113322.39000000,109561.59000000,110644.40000000,35448.51652000,1760227199999
2025-10-12,110644.40000000,115770.00000000,109565.06000000,114958.80000000,32255.30272000,1760313599999
2025-10-13,114958.81000000,115963.81000000,113616.50000000,115166.00000000,22557.24033000,1760399999999
2025-10-14,115166.00000000,115409.96000000,109866.00000000,113028.14000000,31870.32974000,1760486399999
2025-10-15,113028.13000000,113612.35000000,110164.00000000,110763.28000000,22986.48811000,1760572799999
2025-10-16,110763.28000000,111982.45000000,107427.00000000,108194.28000000,29857.17252000,1760659199999
2025-10-17,108194.27000000,109240.00000000,103528.23000000,106431.68000000,37920.66838000,1760745599999
2025-10-18,106431.68000000,107499.00000000,106322.20000000,107185.01000000,11123.18766000,1760831999999
2025-10-19,107185.00000000,109450.07000000,106103.36000000,108642.78000000,15480.66423000,1760918399999
2025-10-20,108642.77000000,111705.56000000,107402.52000000,110532.09000000,19193.44160000,1761004799999
2025-10-21,110532.09000000,114000.00000000,107473.72000000,108297.67000000,37228.01659000,1761091199999
2025-10-22,108297.66000000,109163.88000000,106666.69000000,107567.44000000,28610.78451000,1761177599999
2025-10-23,107567.45000000,111293.61000000,107500.00000000,110078.18000000,17573.09294000,1761263999999
2025-10-24,110078.19000000,112104.98000000,109700.01000000,111004.89000000,15005.16913000,1761350399999
2025-10-25,111004.90000000,111943.19000000,110672.86000000,111646.27000000,6407.96864000,1761436799999
2025-10-26,111646.27000000,115466.80000000,111260.45000000,114559.40000000,13454.47737000,1761523199999
2025-10-27,114559.41000000,116400.00000000,113830.01000000,114107.65000000,21450.23241000,1761609599999
2025-10-28,114107.65000000,116086.00000000,112211.00000000,112898.45000000,15523.42257000,1761695999999
2025-10-29,112898.44000000,113643.73000000,109200.00000000,110021.29000000,21079.71376000,1761782399999
2025-10-30,110021.30000000,111592.00000000,106304.34000000,108322.88000000,25988.82838000,1761868799999
2025-10-31,108322.87000000,111190.00000000,108275.28000000,109608.01000000,21518.20439000,1761955199999
2025-11-01,109608.01000000,110564.49000000,109394.81000000,110098.10000000,7378.50431000,1762041599999
2025-11-02,110098.10000000,111250.01000000,109471.34000000,110540.68000000,12107.00087000,1762127999999
2025-11-03,110540.69000000,110750.00000000,105306.56000000,106583.04000000,28681.18779000,1762214399999
2025-11-04,106583.05000000,107299.00000000,98944.36000000,101497.22000000,50534.87376000,1762300799999
2025-11-05,101497.23000000,104534.74000000,98966.80000000,103885.16000000,33778.77571000,1762387199999
2025-11-06,103885.16000000,104200.00000000,100300.95000000,101346.04000000,25814.62139000,1762473599999
2025-11-07,101346.04000000,104096.36000000,99260.86000000,103339.08000000,32059.50942000,1762559999999
2025-11-08,103339.09000000,103406.22000000,101454.00000000,102312.94000000,12390.77985000,1762646399999
2025-11-09,102312.95000000,105495.62000000,101400.00000000,104722.96000000,16338.97096000,1762732799999
2025-11-10,104722.95000000,106670.11000000,104265.02000000,106011.13000000,22682.25673000,1762819199999
2025-11-11,106011.13000000,107500.00000000,102476.09000000,103058.99000000,24196.50718000,1762905599999
2025-11-12,103059.00000000,105333.33000000,100813.59000000,101654.37000000,20457.63906000,1762991999999
2025-11-13,101654.37000000,104085.01000000,98000.40000000,99692.02000000,36198.50771000,1763078399999
2025-11-14,99692.03000000,99866.02000000,94012.45000000,94594.00000000,47288.14481000,1763164799999
2025-11-15,94594.00000000,96846.68000000,94558.49000000,95596.24000000,15110.89391000,1763251199999
2025-11-16,95596.23000000,96635.11000000,93005.55000000,94261.44000000,23889.40510000,1763337599999
2025-11-17,94261.45000000,96043.00000000,91220.00000000,92215.14000000,39218.59806000,1763423999999
2025-11-18,92215.14000000,93836.01000000,89253.78000000,92960.83000000,39835.14769000,1763510399999
2025-11-19,92960.83000000,92980.22000000,88608.00000000,91554.96000000,32286.63760000,1763596799999
2025-11-20,91554.96000000,93160.00000000,86100.00000000,86637.23000000,39733.19073000,1763683199999
2025-11-21,86637.22000000,87498.94000000,80600.00000000,85129.43000000,72256.12679000,1763769599999
2025-11-22,85129.42000000,85620.00000000,83500.00000000,84739.74000000,14193.93263000,1763855999999
2025-11-23,84739.75000000,88127.64000000,84667.57000000,86830.00000000,19734.46418000,1763942399999
2025-11-24,86830.00000000,89228.00000000,85272.00000000,88300.01000000,24663.12795000,1764028799999
2025-11-25,88300.01000000,88519.99000000,86116.00000000,87369.96000000,19567.04110000,1764115199999
2025-11-26,87369.97000000,90656.08000000,86306.77000000,90484.02000000,21675.82239000,1764201599999
2025-11-27,90484.01000000,91950.00000000,90089.91000000,91333.95000000,16833.50932000,1764287999999
2025-11-28,91333.94000000,93092.00000000,90180.63000000,90890.70000000,18830.86012000,1764374399999
2025-11-29,90890.71000000,91165.65000000,90155.47000000,90802.44000000,7429.88291000,1764460799999
2025-11-30,90802.44000000,92000.01000000,90336.90000000,90360.00000000,9687.74175000,1764547199999
2025-12-01,90360.01000000,90417.00000000,83822.76000000,86286.01000000,34509.01227000,1764633599999
2025-12-02,86286.01000000,92307.65000000,86184.39000000,91277.88000000,28210.22732000,1764719999999
2025-12-03,91277.88000000,94150.00000000,90990.23000000,93429.95000000,25712.52585000,1764806399999
2025-12-04,93429.95000000,94080.00000000,90889.00000000,92078.06000000,19803.94059000,1764892799999
2025-12-05,92078.06000000,92692.36000000,88056.00000000,89330.04000000,19792.97218000,1764979199999
2025-12-06,89330.04000000,90289.97000000,88908.01000000,89236.79000000,8409.50016000,1765065599999
2025-12-07,89236.80000000,91760.00000000,87719.28000000,90395.31000000,13021.11185000,1765151999999
2025-12-08,90395.32000000,92287.15000000,89612.00000000,90634.34000000,15793.63887000,1765238399999
2025-12-09,90634.35000000,94588.99000000,89500.00000000,92678.80000000,21240.43014000,1765324799999
2025-12-10,92678.81000000,94476.00000000,91563.15000000,92015.37000000,18998.68083000,1765411199999
2025-12-11,92015.38000000,93555.00000000,89260.63000000,92513.38000000,19972.58758000,1765497599999
2025-12-12,92513.38000000,92754.00000000,89480.00000000,90268.42000000,16679.19169000,1765583999999
2025-12-13,90268.43000000,90634.55000000,89766.39000000,90240.01000000,5895.70788000,1765670399999
2025-12-14,90240.00000000,90472.40000000,87577.36000000,88172.17000000,9416.94004000,1765756799999
2025-12-15,88172.16000000,90052.64000000,85146.64000000,86432.08000000,19778.69190000,1765843199999
2025-12-16,86432.08000000,88175.98000000,85266.00000000,87863.42000000,18456.05017000,1765929599999
2025-12-17,87863.43000000,90365.85000000,85314.00000000,86243.22000000,19834.11729000,1766015999999
2025-12-18,86243.23000000,89477.61000000,84450.01000000,85516.41000000,25405.41763000,1766102399999
2025-12-19,85516.41000000,89399.97000000,85110.24000000,88136.94000000,21256.65004000,1766188799999
2025-12-20,88136.95000000,88573.07000000,87795.76000000,88360.90000000,5123.13194000,1766275199999
2025-12-21,88360.91000000,89081.77000000,87600.04000000,88658.86000000,7132.87258000,1766361599999
2025-12-22,88658.87000000,90588.23000000,87900.00000000,88620.79000000,14673.21970000,1766447999999
2025-12-23,88620.79000000,88940.00000000,86601.90000000,87486.00000000,13910.32904000,1766534399999
2025-12-24,87486.00000000,88049.89000000,86420.00000000,87669.45000000,9140.84320000,1766620799999
2025-12-25,87669.44000000,88592.74000000,86934.72000000,87225.27000000,7096.58235000,1766707199999
2025-12-26,87225.27000000,89567.75000000,86655.08000000,87369.56000000,18344.61505000,1766793599999
2025-12-27,87369.56000000,87984.00000000,87253.05000000,87877.01000000,4469.55156000,1766879999999
2025-12-28,87877.00000000,88088.75000000,87435.00000000,87952.71000000,4446.29285000,1766966399999
2025-12-29,87952.71000000,90406.08000000,86806.50000000,87237.13000000,19894.98575000,1767052799999
2025-12-30,87237.13000000,89400.00000000,86845.66000000,88485.49000000,13105.91001000,1767139199999
2025-12-31,88485.50000000,89200.00000000,87250.00000000,87648.22000000,11558.62047000,1767225599999
2026-01-01,87648.21000000,88919.45000000,87550.43000000,88839.04000000,6279.57133000,1767311999999
2026-01-02,88839.05000000,90961.81000000,88379.88000000,89995.13000000,17396.97301000,1767398399999
2026-01-03,89995.14000000,90741.16000000,89314.01000000,90628.01000000,7057.46716000,1767484799999
2026-01-04,90628.01000000,91810.00000000,90628.00000000,91529.73000000,10426.52970000,1767571199999
2026-01-05,91529.74000000,94789.08000000,91514.81000000,93859.71000000,20673.59584000,1767657599999
2026-01-06,93859.71000000,94444.44000000,91262.94000000,93747.97000000,18546.41829000,1767743999999
2026-01-07,93747.97000000,93747.97000000,90675.52000000,91364.16000000,14276.49025000,1767830399999
2026-01-08,91364.16000000,91687.99000000,89311.00000000,91099.99000000,16132.79117000,1767916799999
2026-01-09,91100.00000000,92082.55000000,89694.66000000,90641.28000000,15590.27939000,1768003199999
2026-01-10,90641.27000000,90832.00000000,90404.00000000,90504.70000000,3104.11722000,1768089599999
2026-01-11,90504.70000000,91283.89000000,90236.00000000,91013.65000000,5477.13594000,1768175999999
2026-01-12,91013.66000000,92519.95000000,90128.44000000,91296.20000000,16188.08268000,1768262399999
2026-01-13,91296.20000000,96495.00000000,91042.66000000,95414.00000000,23021.51482000,1768348799999
2026-01-14,95413.99000000,97924.49000000,94559.28000000,96951.78000000,22851.89428000,1768435199999
2026-01-15,96951.78000000,97193.34000000,95134.48000000,95604.80000000,21725.81369000,1768521599999
2026-01-16,95604.81000000,95871.47000000,94293.46000000,95550.94000000,11167.71460000,1768607999999
2026-01-17,95550.94000000,95639.45000000,95021.67000000,95147.77000000,4280.80137000,1768694399999
2026-01-18,95147.77000000,95531.12000000,93615.40000000,93673.14000000,6895.17819000,1768780799999
2026-01-19,93673.14000000,93673.14000000,91910.20000000,92631.00000000,14295.52747000,1768867199999
2026-01-20,92630.99000000,92870.00000000,87895.98000000,88427.66000000,22007.32610000,1768953599999
2026-01-21,88427.66000000,90574.00000000,87263.53000000,89454.73000000,20617.50372000,1769039999999
2026-01-22,89454.73000000,90359.99000000,88515.37000000,89559.67000000,10825.50492000,1769126399999
2026-01-23,89559.68000000,91224.99000000,88578.36000000,89600.26000000,13918.48919000,1769212799999
2026-01-24,89600.26000000,89957.39000000,89162.08000000,89225.34000000,4226.56737000,1769299199999
2026-01-25,89225.34000000,89319.13000000,86074.72000000,86670.36000000,14426.22019000,1769385599999
2026-01-26,86670.36000000,88860.00000000,86509.63000000,88347.08000000,17766.51453000,1769471999999
2026-01-27,88347.08000000,89523.16000000,87304.33000000,89250.00000000,13125.40425000,1769558399999
2026-01-28,89249.99000000,90600.00000000,88833.65000000,89299.99000000,14332.18502000,1769644799999
2026-01-29,89300.00000000,89348.00000000,83383.33000000,84650.16000000,30431.38201000,1769731199999
2026-01-30,84650.16000000,84735.75000000,81118.00000000,84260.49000000,35195.84793000,1769817599999
2026-01-31,84260.50000000,84270.02000000,75719.90000000,78741.09000000,39491.89133000,1769903999999
2026-02-01,78741.10000000,79424.00000000,75700.00000000,76968.21000000,25395.48168000,1769990399999
2026-02-02,76968.22000000,79360.00000000,74604.00000000,78738.61000000,42273.59016000,1770076799999
2026-02-03,78738.60000000,79186.81000000,72945.50000000,75770.21000000,39120.10889000,1770163199999
2026-02-04,75770.21000000,76971.52000000,71888.00000000,73165.83000000,38375.36000000,1770249599999
2026-02-05,73165.84000000,73341.18000000,62345.00000000,62909.86000000,106298.82899000,1770335999999
2026-02-06,62909.87000000,71751.33000000,60000.00000000,70580.26000000,92539.21531000,1770422399999
2026-02-07,70580.26000000,71690.07000000,67300.00000000,69289.38000000,44255.48036000,1770508799999
2026-02-08,69289.37000000,72271.41000000,68888.00000000,70330.38000000,21420.53168000,1770595199999
2026-02-09,70330.38000000,71453.53000000,68308.00000000,70138.00000000,29152.72842000,1770681599999
2026-02-10,70138.00000000,70527.59000000,67800.00000000,68841.29000000,20373.77072000,1770767999999
2026-02-11,68841.28000000,69292.88000000,65756.00000000,67082.52000000,28718.24602000,1770854399999
2026-02-12,67082.52000000,68410.52000000,65118.00000000,66272.17000000,24271.74283000,1770940799999
2026-02-13,66272.17000000,69482.97000000,65872.46000000,68853.96000000,20244.54955000,1771027199999
2026-02-14,68853.97000000,70560.01000000,68730.13000000,69822.95000000,18114.78393000,1771113599999
2026-02-15,69822.94000000,70983.00000000,68000.00000000,68832.58000000,22290.05208000,1771199999999
2026-02-16,68832.59000000,70126.67000000,67294.11000000,68892.43000000,15515.76534000,1771286399999
2026-02-17,68892.43000000,69241.50000000,66621.06000000,67503.52000000,16489.06921000,1771372799999
2026-02-18,67503.52000000,68476.22000000,65870.00000000,66461.00000000,15492.43839000,1771459199999
2026-02-19,66461.00000000,67320.00000000,65631.83000000,67003.73000000,14542.26988000,1771545599999
2026-02-20,67003.73000000,68318.39000000,66280.20000000,68020.01000000,35351.87091000,1771631999999
2026-02-21,68020.00000000,68698.70000000,67534.69000000,67975.93000000,8032.84131000,1771718399999
2026-02-22,67975.93000000,68245.00000000,67190.00000000,67643.40000000,8175.13484000,1771804799999
2026-02-23,67643.39000000,67684.86000000,63888.79000000,64656.02000000,33075.90923000,1771891199999
2026-02-24,64656.01000000,65026.75000000,62510.28000000,64058.15000000,23102.83622000,1771977599999
2026-02-25,64058.15000000,69988.83000000,63913.27000000,67988.04000000,30749.99259000,1772063999999
2026-02-26,67988.04000000,68860.00000000,66500.00000000,67485.18000000,20737.77792000,1772150399999
2026-02-27,67485.19000000,68216.80000000,64914.46000000,65872.10000000,21228.58424000,1772236799999
2026-02-28,65872.09000000,67760.00000000,63030.00000000,66973.26000000,22548.71649000,1772323199999
2026-03-01,66973.26000000,68199.99000000,65056.00000000,65776.47000000,23201.85859000,1772409599999
2026-03-02,65776.48000000,70096.00000000,65259.21000000,68830.06000000,32010.38431000,1772495999999
2026-03-03,68830.06000000,69258.08000000,66158.00000000,68338.00000000,24972.24180000,1772582399999
2026-03-04,68338.01000000,74050.00000000,67400.00000000,72666.77000000,44919.07610000,1772668799999
2026-03-05,72666.77000000,73558.15000000,70645.47000000,70890.72000000,26590.51253000,1772755199999
2026-03-06,70891.02000000,71419.98000000,67744.78000000,68114.02000000,22629.88722000,1772841599999
2026-03-07,68114.02000000,68551.04000000,66915.26000000,67262.91000000,12719.54315000,1772927999999
2026-03-08,67262.91000000,68200.00000000,65618.49000000,65971.20000000,21593.63901000,1773014399999
2026-03-09,65971.20000000,69516.65000000,65821.97000000,68432.16000000,28896.72130000,1773100799999
2026-03-10,68432.16000000,71777.00000000,68391.41000000,69948.63000000,32602.57726000,1773187199999
2026-03-11,69948.64000000,71321.00000000,68977.91000000,70191.86000000,27249.27542000,1773273599999
2026-03-12,70191.86000000,70800.00000000,69205.91000000,70541.34000000,21997.16050000,1773359999999
2026-03-13,70541.34000000,73913.74000000,70386.01000000,70930.00000000,35996.61678000,1773446399999
2026-03-14,70930.01000000,71307.92000000,70317.00000000,71211.95000000,13017.24737000,1773532799999
2026-03-15,71211.95000000,73199.00000000,70858.82000000,72815.24000000,14037.30704000,1773619199999
2026-03-16,72815.25000000,74909.08000000,72270.41000000,74884.67000000,28409.53019000,1773705599999
2026-03-17,74884.67000000,76000.00000000,73399.19000000,73909.36000000,24521.26636000,1773791999999
2026-03-18,73909.37000000,74672.34000000,70500.00000000,71246.54000000,23392.88093000,1773878399999
2026-03-19,71246.55000000,71613.79000000,68793.35000000,69930.00000000,22364.81819000,1773964799999
2026-03-20,69930.01000000,71367.00000000,69388.00000000,70510.73000000,18121.16745000,1774051199999
2026-03-21,70510.73000000,71100.94000000,68571.42000000,68918.12000000,13397.16750000,1774137599999
2026-03-22,68918.12000000,69588.79000000,67360.66000000,67859.00000000,14843.78682000,1774223999999
2026-03-23,67859.00000000,71817.09000000,67445.18000000,70906.45000000,28335.09119000,1774310399999
2026-03-24,70906.45000000,71400.00000000,68923.07000000,70556.74000000,20702.42244000,1774396799999
2026-03-25,70556.74000000,72026.09000000,70408.00000000,71336.53000000,17719.50066000,1774483199999
2026-03-26,71336.53000000,71436.82000000,68153.00000000,68820.31000000,20820.45768000,1774569599999
2026-03-27,68820.31000000,69179.05000000,65548.25000000,66407.28000000,28603.69557000,1774655999999
2026-03-28,66407.28000000,67288.94000000,65932.09000000,66377.03000000,11462.39847000,1774742399999
2026-03-29,66377.04000000,67130.50000000,65000.00000000,66010.93000000,10052.85584000,1774828799999
2026-03-30,66010.93000000,68169.65000000,65800.59000000,66797.37000000,18353.38975000,1774915199999
2026-03-31,66797.38000000,68589.49000000,65998.05000000,68284.48000000,22105.40662000,1775001599999
2026-04-01,68284.49000000,69310.00000000,67578.75000000,68113.92000000,19020.18990000,1775087999999
2026-04-02,68113.92000000,68653.38000000,65712.12000000,66901.99000000,20203.47916000,1775174399999
2026-04-03,66901.99000000,67370.42000000,66282.00000000,66964.30000000,11429.13131000,1775260799999
2026-04-04,66964.29000000,67562.93000000,66775.91000000,67300.42000000,7373.51613000,1775347199999
2026-04-05,67300.42000000,69136.20000000,66611.66000000,69034.18000000,11733.46752000,1775433599999
2026-04-06,69034.18000000,70351.46000000,68300.00000000,68853.66000000,20281.61044000,1775519999999
2026-04-07,68853.66000000,72761.00000000,67732.01000000,71924.22000000,23750.49661000,1775606399999
2026-04-08,71924.22000000,72857.00000000,70707.23000000,71069.93000000,19802.68627000,1775692799999
2026-04-09,71069.93000000,73145.00000000,70466.00000000,71787.97000000,18158.42159000,1775779199999
2026-04-10,71787.98000000,73434.00000000,71426.15000000,72962.70000000,17372.63288000,1775865599999
2026-04-11,72962.71000000,73790.00000000,72513.09000000,73043.16000000,9070.94374000,1775951999999
2026-04-12,73043.16000000,73137.24000000,70505.88000000,70740.98000000,13472.46801000,1776038399999
2026-04-13,70741.56000000,74900.00000000,70566.99000000,74417.99000000,24230.21625000,1776124799999
2026-04-14,74418.00000000,76038.00000000,73795.47000000,74131.55000000,26532.94456000,1776211199999
2026-04-15,74131.55000000,75425.00000000,73514.00000000,74809.99000000,14425.04167000,1776297599999
2026-04-16,74809.99000000,75534.76000000,73309.85000000,75154.29000000,17088.68777000,1776383999999
2026-04-17,75154.28000000,78333.00000000,74529.40000000,77072.00000000,25941.36694000,1776470399999
2026-04-18,77072.01000000,77420.08000000,75445.16000000,75691.76000000,9141.84456000,1776556799999
2026-04-19,75691.76000000,76240.66000000,73762.90000000,73801.79000000,11369.82232000,1776643199999
2026-04-20,73801.80000000,76558.62000000,73724.31000000,75840.97000000,16993.41034000,1776729599999
2026-04-21,75840.97000000,76927.57000000,74821.57000000,76336.15000000,14912.57132000,1776815999999
2026-04-22,76336.14000000,79472.82000000,76132.95000000,78178.23000000,19737.51225000,1776902399999
2026-04-23,78178.22000000,78662.50000000,76960.00000000,78257.48000000,16970.79501000,1776988799999
2026-04-24,78257.48000000,78581.93000000,77264.08000000,77437.13000000,12675.14315000,1777075199999
2026-04-25,77437.13000000,77885.35000000,77140.23000000,77625.00000000,5685.11420000,1777161599999
2026-04-26,77625.00000000,78961.00000000,77326.51000000,78657.55000000,7963.56162000,1777247999999
2026-04-27,78657.55000000,79485.66000000,76459.64000000,77371.32000000,16046.92418000,1777334399999
2026-04-28,77371.32000000,77478.00000000,75666.60000000,76342.77000000,13210.72383000,1777420799999
2026-04-29,76342.78000000,77904.93000000,74937.52000000,75780.00000000,18279.93022000,1777507199999
2026-04-30,75780.00000000,76669.14000000,75323.65000000,76346.57000000,10381.81607000,1777593599999
2026-05-01,76346.58000000,78914.12000000,76320.42000000,78231.13000000,17315.46502000,1777679999999
2026-05-02,78231.13000000,79199.48000000,78040.00000000,78686.85000000,6150.87642000,1777766399999
2026-05-03,78686.84000000,79447.00000000,78084.08000000,78568.57000000,7425.79290000,1777852799999
2026-05-04,78568.58000000,80776.99000000,78202.00000000,79861.01000000,26042.96135000,1777939199999
2026-05-05,79861.01000000,81791.48000000,79808.72000000,80905.52000000,16947.17995000,1778025599999
2026-05-06,80905.53000000,82850.00000000,80731.14000000,81447.01000000,18798.77396000,1778111999999
2026-05-07,81447.01000000,81708.32000000,79500.00000000,80006.00000000,16154.80338000,1778198399999
2026-05-08,80006.00000000,80500.00000000,79181.48000000,80193.17000000,16001.31009000,1778284799999
2026-05-09,80193.18000000,81080.00000000,80129.85000000,80678.40000000,7548.42177000,1778371199999
2026-05-10,80678.41000000,82479.32000000,80279.77000000,82210.07000000,12034.31882000,1778457599999
2026-05-11,82210.07000000,82380.00000000,80462.97000000,81745.65000000,12951.76056000,1778543999999
2026-05-12,81745.66000000,81788.00000000,79843.59000000,80504.47000000,12386.25676000,1778630399999
2026-05-13,80504.47000000,81324.64000000,78754.65000000,79313.61000000,14810.05643000,1778716799999
2026-05-14,79313.61000000,82048.13000000,78922.00000000,81089.99000000,19727.86807000,1778803199999
2026-05-15,81090.00000000,81664.45000000,78659.00000000,79113.21000000,17351.27079000,1778889599999
2026-05-16,79113.20000000,79227.77000000,77640.00000000,78148.05000000,12132.86192000,1778975999999
2026-05-17,78148.05000000,78599.99000000,76735.16000000,77457.67000000,8442.70220000,1779062399999
2026-05-18,77457.67000000,77800.00000000,76051.00000000,77001.87000000,18745.51678000,1779148799999
2026-05-19,77001.88000000,77414.62000000,76144.71000000,76834.36000000,11024.85978000,1779235199999
2026-05-20,76834.36000000,77853.04000000,76516.74000000,77552.23000000,11296.26307000,1779321599999
2026-05-21,77552.24000000,78200.00000000,76719.47000000,77615.52000000,11318.25841000,1779407999999
2026-05-22,77615.52000000,77900.00000000,75359.18000000,75539.50000000,11272.36134000,1779494399999
2026-05-23,75539.50000000,77404.18000000,74289.60000000,76752.01000000,15086.88814000,1779580799999
2026-05-24,76752.00000000,77543.15000000,76108.00000000,77064.96000000,8398.00156000,1779667199999
2026-05-25,77064.96000000,77905.52000000,76914.25000000,77322.01000000,7672.32197000,1779753599999
2026-05-26,77322.01000000,78080.00000000,75677.97000000,75930.01000000,16953.47629000,1779839999999
2026-05-27,75930.01000000,76174.15000000,74243.99000000,74449.30000000,16877.77483000,1779926399999
2026-05-28,74449.31000000,74590.77000000,72582.82000000,73617.51000000,21274.02026000,1780012799999
2026-05-29,73617.52000000,74514.10000000,72512.49000000,73460.78000000,18686.74141000,1780099199999
2026-05-30,73460.78000000,74143.76000000,73216.00000000,73884.38000000,7515.40909000,1780185599999
2026-05-31,73884.38000000,74275.66000000,73400.00000000,73674.39000000,6986.45707000,1780271999999
2026-06-01,73674.39000000,74092.00000000,70686.68000000,71408.90000000,23921.09184000,1780358399999
2026-06-02,71408.90000000,71408.90000000,66193.00000000,66760.83000000,32858.19586000,1780444799999
2026-06-03,66760.84000000,67516.00000000,64092.49000000,64142.75000000,30138.30650000,1780531199999
2026-06-04,64142.75000000,64764.32000000,61383.56000000,63885.99000000,43577.17571000,1780617599999
2026-06-05,63885.99000000,63978.00000000,59130.91000000,61056.47000000,55027.28807000,1780703999999
2026-06-06,61056.47000000,61530.05000000,59500.00000000,60884.62000000,19795.58877000,1780790399999
2026-06-07,60884.62000000,64234.68000000,60746.00000000,63332.01000000,26612.10443000,1780876799999
2026-06-08,63332.01000000,64200.00000000,62408.00000000,63085.99000000,23053.38624000,1780963199999
2026-06-09,63086.00000000,63526.01000000,60780.00000000,61730.00000000,21636.21959000,1781049599999
2026-06-10,61730.00000000,62857.99000000,60755.00000000,61510.99000000,15998.71652000,1781135999999
2026-06-11,61510.99000000,63933.02000000,61510.99000000,63625.99000000,17380.94642000,1781222399999
2026-06-12,63626.00000000,64394.44000000,62829.81000000,63580.01000000,16397.05240000,1781308799999
2026-06-13,63580.00000000,64762.77000000,63418.66000000,64458.01000000,9960.74163000,1781395199999
2026-06-14,64458.01000000,65800.00000000,63678.83000000,65746.45000000,13203.03375000,1781481599999
2026-06-15,65746.45000000,67292.15000000,65354.00000000,66328.74000000,18559.80102000,1781567999999
2026-06-16,66328.74000000,66992.00000000,65360.92000000,65675.01000000,14302.05801000,1781654399999
2026-06-17,65675.02000000,66445.93000000,63915.77000000,64509.40000000,19048.65409000,1781740799999
2026-06-18,64509.40000000,64806.00000000,62272.07000000,62958.01000000,16935.59661000,1781827199999
2026-06-19,62958.01000000,63666.00000000,62316.44000000,63543.91000000,14247.42400000,1781913599999
2026-06-20,63543.90000000,64388.00000000,63184.21000000,64298.01000000,9522.10324000,1781999999999
2026-06-21,64298.01000000,64588.00000000,63270.00000000,63311.99000000,8034.66333000,1782086399999
2026-06-22,63312.00000000,65622.83000000,63312.00000000,64020.01000000,15423.10851000,1782172799999
2026-06-23,64020.01000000,64275.38000000,61938.00000000,62734.57000000,20222.99292000,1782259199999
2026-06-24,62734.57000000,63239.06000000,59102.70000000,61077.99000000,30678.28543000,1782345599999
2026-06-25,61078.00000000,61962.40000000,58115.01000000,59794.00000000,30386.00694000,1782431999999
2026-06-26,59794.64000000,60759.99000000,58337.00000000,60097.27000000,27403.55723000,1782518399999
2026-06-27,60097.27000000,60941.17000000,59855.16000000,60029.00000000,9587.22916000,1782604799999
2026-06-28,60029.01000000,60545.01000000,58905.00000000,59577.01000000,8907.13796000,1782691199999
2026-06-29,59577.01000000,60780.57000000,58900.01000000,60260.21000000,20203.14178000,1782777599999
2026-06-30,60260.20000000,60276.54000000,58201.00000000,58624.71000000,19639.82787000,1782863999999
2026-07-01,58624.71000000,61334.00000000,57800.19000000,60024.00000000,25093.44662000,1782950399999
2026-07-02,60024.00000000,62200.00000000,59588.00000000,61560.00000000,21382.14163000,1783036799999
2026-07-03,61560.00000000,62979.86000000,61248.86000000,62583.26000000,14048.98627000,1783123199999
2026-07-04,62583.26000000,63461.99000000,62328.24000000,63144.01000000,9139.82740000,1783209599999
2026-07-05,63144.01000000,63999.00000000,62436.59000000,63650.00000000,9172.07758000,1783295999999
2026-07-06,63650.01000000,64700.00000000,61306.84000000,64042.02000000,21435.28437000,1783382399999
2026-07-07,64042.93000000,64314.00000000,62671.39000000,63363.99000000,16834.20823000,1783468799999
2026-07-08,63364.00000000,63761.99000000,61544.56000000,62290.00000000,18620.09796000,1783555199999
2026-07-09,62290.01000000,63500.00000000,61705.29000000,63230.00000000,16742.80672000,1783641599999
2026-07-10,63230.01000000,64692.83000000,62926.01000000,64161.72000000,17589.00122000,1783727999999
2026-07-11,64161.72000000,64504.11000000,63819.00000000,63819.00000000,9151.97432000,1783814399999
2026-07-12,63819.01000000,64290.11000000,63640.83000000,63780.00000000,13914.83703000,1783900799999
2026-07-13,63780.00000000,64425.00000000,61824.97000000,62334.52000000,21682.50204000,1783987199999
2026-07-14,62334.52000000,65100.00000000,62272.20000000,65043.98000000,20552.41384000,1784073599999
2026-07-15,65043.99000000,65600.00000000,64485.00000000,64756.28000000,18401.89741000,1784159999999
2026-07-16,64756.28000000,64997.52000000,63748.74000000,63830.20000000,18764.52679000,1784246399999
2026-07-17,63830.20000000,64387.99000000,62537.56000000,63931.67000000,18189.89389000,1784332799999
2026-07-18,63931.67000000,64865.00000000,63886.65000000,64834.22000000,8031.18012000,1784419199999
2026-07-19,64834.21000000,64967.25000000,64280.00000000,64722.54000000,8379.91474000,1784505599999
2026-07-20,64722.55000000,65799.00000000,63100.00000000,65255.51000000,21323.48702000,1784591999999
2026-07-21,65255.51000000,66956.15000000,65148.75000000,66556.16000000,18618.28087000,1784678399999
2026-07-22,66556.15000000,66739.89000000,65553.67000000,66114.49000000,18074.86602000,1784764799999
2026-07-23,66114.50000000,66313.14000000,64650.00000000,65098.97000000,14698.22673000,1784851199999
2026-07-24,65098.98000000,65808.59000000,63739.75000000,64139.99000000,16821.27180000,1784937599999
2026-07-25,64140.00000000,64475.28000000,63810.00000000,64375.00000000,8863.05030000,1785023999999
2026-07-26,64375.01000000,65577.00000000,64293.81000000,65399.99000000,7933.06089000,1785110399999
2026-07-27,65400.00000000,65744.60000000,63605.56000000,63755.86000000,14791.90543000,1785196799999
2026-07-28,63755.86000000,64100.00000000,62742.47000000,63915.00000000,13889.82996000,1785283199999
2026-07-29,63915.00000000,64744.81000000,63267.34000000,63984.28000000,16780.11912000,1785369599999
2026-07-30,63984.29000000,65176.60000000,63603.92000000,64780.02000000,17131.58486000,1785455999999
2026-07-31,64780.03000000,65409.56000000,62466.00000000,62887.88000000,20475.60686000,1785542399999
2026-08-01,62887.88000000,63150.00000000,62275.00000000,62823.64000000,7563.08904000,1785628799999
2026-08-02,62823.65000000,63796.33000000,62806.58000000,63570.00000000,8387.01154000,1785715199999
2026-08-03,63570.01000000,64080.00000000,62300.00000000,63520.00000000,15543.29743000,1785801599999
2026-08-04,63520.00000000,64549.16000000,63322.01000000,64106.56000000,13690.47909000,1785887999999
2026-08-05,64106.55000000,65025.22000000,63880.00000000,64665.23000000,12742.85528000,1785974399999
2026-08-06,64665.24000000,64999.00000000,64172.00000000,64323.61000000,9864.43284000,1786060799999
2026-08-07,64323.61000000,65390.99000000,64166.00000000,64923.19000000,11807.40403000,1786147199999
2026-08-08,64923.20000000,65192.54000000,64784.19000000,64962.60000000,5760.14298000,1786233599999
2026-08-09,64962.60000000,65474.46000000,64730.08000000,64901.59000000,7031.23606000,1786319999999
2026-08-10,64901.59000000,65391.14000000,63806.27000000,63970.01000000,13638.40877000,1786406399999
2026-08-11,63970.01000000,64515.43000000,63238.00000000,63600.00000000,12891.63248000,1786492799999
2026-08-12,63600.01000000,64500.00000000,63310.34000000,63479.99000000,13627.06822000,1786579199999
2026-08-13,63479.99000000,64010.00000000,62802.27000000,63490.86000000,10793.85853000,1786665599999
2026-08-14,63490.86000000,63617.45000000,62535.24000000,63043.56000000,12340.82899000,1786751999999
2026-08-15,63043.56000000,63187.98000000,62920.00000000,63086.01000000,5405.16038000,1786838399999
2026-08-16,63086.01000000,63390.00000000,62716.00000000,62900.00000000,4737.23135000,1786924799999
2026-08-17,62900.00000000,64610.01000000,62751.10000000,64532.10000000,14255.64713000,1787011199999
2026-08-18,64532.11000000,65058.81000000,64027.85000000,64725.42000000,11789.91312000,1787097599999
2026-08-19,64725.42000000,70000.00000000,64166.00000000,69334.79000000,29054.29976000,1787183999999
2026-08-20,69334.78000000,73400.00000000,68902.22000000,73025.15000000,35904.79287000,1787270399999
2026-08-21,73027.02000000,79500.00000000,73027.02000000,78338.03000000,44339.56568000,1787356799999
2026-08-22,78338.03000000,78828.15000000,76500.00000000,77074.93000000,18524.50847000,1787443199999
2026-08-23,77074.94000000,77765.80000000,75545.67000000,77321.26000000,13089.73352000,1787529599999
