date,open,high,low,close,volume,quoteVol
2023-08-25,21.05000000,21.06000000,20.09000000,20.42000000,2321828.30000000,1693007999999
2023-08-26,20.42000000,20.44000000,20.19000000,20.29000000,743690.27000000,1693094399999
2023-08-27,20.28000000,20.92000000,20.24000000,20.79000000,1103526.81000000,1693180799999
2023-08-28,20.79000000,20.80000000,20.03000000,20.56000000,1622343.78000000,1693267199999
2023-08-29,20.57000000,22.05000000,20.12000000,21.79000000,5271801.95000000,1693353599999
2023-08-30,21.79000000,21.99000000,20.60000000,20.82000000,2462706.77000000,1693439999999
2023-08-31,20.82000000,21.07000000,19.43000000,19.74000000,3342646.88000000,1693526399999
2023-09-01,19.74000000,19.93000000,19.02000000,19.33000000,2517375.38000000,1693612799999
2023-09-02,19.33000000,19.69000000,19.13000000,19.50000000,1419243.59000000,1693699199999
2023-09-03,19.50000000,19.67000000,19.23000000,19.57000000,1032117.62000000,1693785599999
2023-09-04,19.57000000,20.05000000,19.15000000,19.52000000,2206040.45000000,1693871999999
2023-09-05,19.52000000,20.60000000,19.03000000,20.26000000,4197171.75000000,1693958399999
2023-09-06,20.26000000,20.39000000,19.14000000,19.64000000,3429947.48000000,1694044799999
2023-09-07,19.63000000,20.00000000,19.32000000,19.92000000,2375627.15000000,1694131199999
2023-09-08,19.92000000,20.28000000,19.37000000,19.61000000,1972054.86000000,1694217599999
2023-09-09,19.60000000,19.61000000,19.38000000,19.44000000,646379.52000000,1694303999999
2023-09-10,19.43000000,19.44000000,17.78000000,18.24000000,5630975.71000000,1694390399999
2023-09-11,18.23000000,18.46000000,17.33000000,17.72000000,4755172.77000000,1694476799999
2023-09-12,17.72000000,18.80000000,17.57000000,17.92000000,4818249.11000000,1694563199999
2023-09-13,17.91000000,18.56000000,17.69000000,18.40000000,4063710.36000000,1694649599999
2023-09-14,18.40000000,19.33000000,18.38000000,18.85000000,4397747.38000000,1694735999999
2023-09-15,18.85000000,19.50000000,18.55000000,19.14000000,2087888.26000000,1694822399999
2023-09-16,19.15000000,19.46000000,18.86000000,19.12000000,1416418.73000000,1694908799999
2023-09-17,19.12000000,19.14000000,18.63000000,18.81000000,1073239.72000000,1694995199999
2023-09-18,18.81000000,20.15000000,18.58000000,19.64000000,3731851.86000000,1695081599999
2023-09-19,19.65000000,20.42000000,19.58000000,20.03000000,3110481.29000000,1695167999999
2023-09-20,20.02000000,20.54000000,19.80000000,20.29000000,2588399.20000000,1695254399999
2023-09-21,20.29000000,20.29000000,19.29000000,19.46000000,2959370.24000000,1695340799999
2023-09-22,19.45000000,19.81000000,19.15000000,19.43000000,1857771.33000000,1695427199999
2023-09-23,19.42000000,19.57000000,19.29000000,19.49000000,897913.00000000,1695513599999
2023-09-24,19.48000000,19.68000000,19.20000000,19.36000000,1091026.97000000,1695599999999
2023-09-25,19.36000000,19.74000000,19.07000000,19.39000000,1702995.14000000,1695686399999
2023-09-26,19.39000000,19.53000000,18.84000000,19.03000000,1977195.60000000,1695772799999
2023-09-27,19.03000000,19.48000000,18.73000000,19.14000000,2446438.20000000,1695859199999
2023-09-28,19.13000000,19.98000000,19.10000000,19.96000000,2804835.46000000,1695945599999
2023-09-29,19.97000000,20.46000000,19.85000000,20.28000000,2724984.42000000,1696031999999
2023-09-30,20.28000000,21.81000000,20.07000000,21.37000000,3565357.52000000,1696118399999
2023-10-01,21.37000000,24.50000000,21.13000000,23.87000000,6416328.50000000,1696204799999
2023-10-02,23.88000000,24.80000000,22.90000000,23.37000000,6313085.51000000,1696291199999
2023-10-03,23.38000000,24.77000000,23.21000000,23.60000000,5894722.26000000,1696377599999
2023-10-04,23.61000000,23.86000000,22.58000000,23.13000000,3945261.33000000,1696463999999
2023-10-05,23.13000000,23.76000000,22.53000000,22.70000000,3287722.78000000,1696550399999
2023-10-06,22.70000000,23.76000000,22.66000000,23.41000000,4366362.12000000,1696636799999
2023-10-07,23.41000000,24.21000000,23.08000000,23.30000000,2949841.72000000,1696723199999
2023-10-08,23.29000000,23.64000000,23.06000000,23.22000000,1934466.13000000,1696809599999
2023-10-09,23.21000000,23.37000000,21.59000000,22.10000000,4186290.48000000,1696895999999
2023-10-10,22.09000000,22.48000000,21.69000000,22.11000000,2334716.24000000,1696982399999
2023-10-11,22.11000000,22.43000000,21.62000000,22.01000000,2734211.94000000,1697068799999
2023-10-12,22.01000000,22.05000000,20.93000000,21.28000000,2921129.02000000,1697155199999
2023-10-13,21.29000000,22.23000000,21.11000000,21.84000000,2403623.09000000,1697241599999
2023-10-14,21.85000000,22.31000000,21.80000000,22.00000000,1303774.54000000,1697327999999
2023-10-15,22.00000000,22.17000000,21.66000000,21.93000000,1455965.78000000,1697414399999
2023-10-16,21.93000000,24.75000000,21.89000000,23.95000000,6973642.82000000,1697500799999
2023-10-17,23.95000000,24.56000000,23.46000000,23.93000000,4456015.31000000,1697587199999
2023-10-18,23.94000000,24.43000000,23.36000000,23.42000000,2982409.96000000,1697673599999
2023-10-19,23.41000000,25.77000000,23.11000000,24.93000000,5889168.99000000,1697759999999
2023-10-20,24.92000000,27.50000000,24.73000000,27.03000000,7266627.01000000,1697846399999
2023-10-21,27.02000000,30.31000000,26.65000000,29.32000000,9576358.72000000,1697932799999
2023-10-22,29.33000000,30.01000000,28.09000000,29.05000000,5567480.03000000,1698019199999
2023-10-23,29.06000000,32.81000000,28.74000000,31.88000000,12178546.11000000,1698105599999
2023-10-24,31.88000000,32.61000000,29.50000000,30.17000000,11152278.09000000,1698191999999
2023-10-25,30.18000000,33.90000000,30.00000000,32.44000000,10582632.89000000,1698278399999
2023-10-26,32.43000000,33.28000000,30.73000000,32.77000000,6940180.71000000,1698364799999
2023-10-27,32.78000000,33.35000000,31.20000000,31.73000000,6273331.35000000,1698451199999
2023-10-28,31.73000000,32.51000000,31.35000000,31.63000000,2594478.41000000,1698537599999
2023-10-29,31.62000000,33.19000000,31.27000000,32.83000000,3483834.90000000,1698623999999
2023-10-30,32.83000000,35.35000000,32.28000000,34.94000000,7627255.13000000,1698710399999
2023-10-31,34.94000000,38.62000000,34.82000000,38.40000000,9267665.69000000,1698796799999
2023-11-01,38.41000000,46.90000000,37.81000000,41.15000000,19486359.98000000,1698883199999
2023-11-02,41.16000000,44.57000000,38.65000000,40.23000000,14743830.91000000,1698969599999
2023-11-03,40.24000000,40.26000000,37.98000000,39.45000000,10290073.48000000,1699055999999
2023-11-04,39.45000000,42.72000000,39.00000000,42.41000000,7452581.71000000,1699142399999
2023-11-05,42.41000000,42.85000000,40.10000000,41.15000000,4117962.39000000,1699228799999
2023-11-06,41.16000000,42.20000000,39.66000000,42.16000000,4866558.59000000,1699315199999
2023-11-07,42.16000000,44.78000000,40.08000000,42.93000000,8826660.47000000,1699401599999
2023-11-08,42.93000000,43.88000000,42.25000000,43.13000000,4580371.01000000,1699487999999
2023-11-09,43.12000000,48.88000000,41.36000000,45.29000000,12546941.33000000,1699574399999
2023-11-10,45.30000000,57.54000000,45.05000000,56.67000000,14708555.35000000,1699660799999
2023-11-11,56.67000000,63.95000000,53.55000000,56.34000000,13790858.30000000,1699747199999
2023-11-12,56.36000000,61.86000000,54.50000000,56.28000000,10246085.39000000,1699833599999
2023-11-13,56.27000000,59.86000000,51.28000000,51.60000000,11066863.24000000,1699919999999
2023-11-14,51.60000000,57.99000000,51.12000000,56.81000000,12213778.24000000,1700006399999
2023-11-15,56.81000000,67.12000000,56.15000000,65.43000000,12800109.28000000,1700092799999
2023-11-16,65.43000000,68.20000000,56.31000000,57.80000000,13868327.04000000,1700179199999
2023-11-17,57.81000000,60.57000000,54.10000000,58.51000000,11968303.78000000,1700265599999
2023-11-18,58.52000000,59.37000000,54.70000000,58.56000000,7374946.50000000,1700351999999
2023-11-19,58.56000000,62.10000000,56.61000000,61.10000000,7009650.09000000,1700438399999
2023-11-20,61.10000000,61.33000000,56.00000000,56.57000000,7127562.28000000,1700524799999
2023-11-21,56.57000000,57.40000000,51.23000000,51.65000000,10741088.90000000,1700611199999
2023-11-22,51.65000000,58.94000000,51.43000000,57.56000000,7891464.65000000,1700697599999
2023-11-23,57.55000000,59.63000000,56.14000000,56.51000000,4925635.15000000,1700783999999
2023-11-24,56.52000000,58.79000000,56.20000000,56.86000000,3905651.92000000,1700870399999
2023-11-25,56.86000000,59.82000000,55.70000000,58.82000000,4095129.28000000,1700956799999
2023-11-26,58.81000000,59.04000000,56.12000000,57.57000000,3097837.47000000,1701043199999
2023-11-27,57.57000000,58.09000000,53.47000000,55.06000000,4618869.60000000,1701129599999
2023-11-28,55.06000000,58.65000000,53.94000000,58.18000000,5642915.95000000,1701215999999
2023-11-29,58.18000000,61.78000000,57.72000000,59.31000000,7574392.84000000,1701302399999
2023-11-30,59.31000000,61.70000000,58.75000000,59.30000000,4597104.01000000,1701388799999
2023-12-01,59.30000000,61.90000000,58.60000000,59.75000000,5422494.06000000,1701475199999
2023-12-02,59.74000000,63.90000000,59.67000000,63.66000000,4898503.76000000,1701561599999
2023-12-03,63.66000000,65.53000000,62.22000000,62.98000000,4675198.65000000,1701647999999
2023-12-04,62.99000000,65.25000000,59.75000000,61.64000000,7696216.19000000,1701734399999
2023-12-05,61.63000000,62.60000000,59.11000000,61.03000000,6032438.26000000,1701820799999
2023-12-06,61.04000000,66.68000000,61.03000000,61.85000000,11121135.68000000,1701907199999
2023-12-07,61.85000000,69.37000000,61.64000000,67.74000000,10648583.32000000,1701993599999
2023-12-08,67.74000000,75.30000000,67.74000000,74.94000000,11314830.34800000,1702079999999
2023-12-09,74.93000000,77.78000000,71.50000000,72.30000000,8809964.30000000,1702166399999
2023-12-10,72.31000000,74.89000000,70.67000000,74.87000000,5886808.01000000,1702252799999
2023-12-11,74.88000000,75.00000000,64.18000000,70.25000000,12970688.47000000,1702339199999
2023-12-12,70.24000000,72.42000000,65.75000000,68.60000000,7763463.64000000,1702425599999
2023-12-13,68.60000000,72.60000000,63.67000000,70.62000000,8271925.44000000,1702511999999
2023-12-14,70.62000000,76.24000000,68.18000000,75.68000000,7493589.41000000,1702598399999
2023-12-15,75.68000000,79.50000000,72.13000000,72.51000000,8834567.44000000,1702684799999
2023-12-16,72.51000000,77.22000000,71.18000000,73.72000000,5513079.61000000,1702771199999
2023-12-17,73.71000000,75.05000000,70.36000000,70.87000000,5108641.26000000,1702857599999
2023-12-18,70.85000000,75.46000000,67.00000000,74.42000000,7219822.33000000,1702943999999
2023-12-19,74.41000000,76.37000000,71.78000000,73.00000000,6086806.16000000,1703030399999
2023-12-20,73.00000000,84.14000000,72.96000000,82.21000000,10701294.29000000,1703116799999
2023-12-21,82.22000000,95.54000000,81.03000000,93.84000000,12129644.35000000,1703203199999
2023-12-22,93.86000000,99.50000000,90.34000000,97.90000000,11975121.56000000,1703289599999
2023-12-23,97.91000000,110.00000000,92.80000000,107.88000000,8336420.60000000,1703375999999
2023-12-24,107.88000000,118.10000000,107.30000000,112.45000000,12261699.03000000,1703462399999
2023-12-25,112.45000000,126.36000000,107.92000000,120.91000000,11114497.92000000,1703548799999
2023-12-26,120.91000000,121.36000000,102.09000000,112.49000000,12300095.38000000,1703635199999
2023-12-27,112.48000000,115.30000000,104.58000000,106.91000000,8972638.90000000,1703721599999
2023-12-28,106.92000000,109.66000000,97.14000000,101.80000000,10194201.02000000,1703807999999
2023-12-29,101.80000000,110.00000000,99.00000000,106.17000000,9432538.67000000,1703894399999
2023-12-30,106.17000000,107.47000000,100.62000000,101.90000000,4178339.62000000,1703980799999
2023-12-31,101.90000000,105.21000000,99.54000000,101.72000000,3821990.67000000,1704067199999
2024-01-01,101.72000000,109.93000000,101.44000000,109.91000000,4403310.37000000,1704153599999
2024-01-02,109.93000000,116.95000000,106.02000000,106.73000000,7831366.05000000,1704239999999
2024-01-03,106.72000000,109.90000000,85.00000000,98.52000000,12221060.38000000,1704326399999
2024-01-04,98.52000000,108.15000000,96.60000000,104.91000000,7235482.95000000,1704412799999
2024-01-05,104.91000000,105.48000000,95.23000000,99.94000000,6703567.21000000,1704499199999
2024-01-06,99.93000000,100.30000000,91.53000000,93.77000000,5151478.03000000,1704585599999
2024-01-07,93.77000000,96.80000000,87.68000000,89.44000000,5547334.15000000,1704671999999
2024-01-08,89.44000000,99.97000000,85.16000000,97.88000000,9677497.13000000,1704758399999
2024-01-09,97.88000000,104.89000000,95.25000000,99.36000000,8574930.67000000,1704844799999
2024-01-10,99.36000000,105.52000000,91.68000000,102.00000000,8634280.07000000,1704931199999
2024-01-11,101.99000000,107.32000000,97.67000000,99.90000000,8986682.95000000,1705017599999
2024-01-12,99.89000000,100.49000000,87.00000000,92.12000000,6462190.24000000,1705103999999
2024-01-13,92.14000000,97.05000000,89.51000000,95.85000000,4054010.92000000,1705190399999
2024-01-14,95.85000000,102.87000000,93.62000000,93.81000000,5767904.66000000,1705276799999
2024-01-15,93.81000000,96.96000000,92.97000000,94.36000000,3605978.31000000,1705363199999
2024-01-16,94.35000000,98.73000000,94.16000000,97.61000000,3768288.08000000,1705449599999
2024-01-17,97.60000000,102.80000000,96.50000000,102.10000000,6932306.54000000,1705535999999
2024-01-18,102.10000000,103.59000000,91.41000000,94.40000000,6216673.00000000,1705622399999
2024-01-19,94.39000000,95.47000000,87.04000000,93.62000000,6357442.75000000,1705708799999
2024-01-20,93.62000000,94.27000000,90.20000000,92.88000000,2799385.87000000,1705795199999
2024-01-21,92.88000000,93.93000000,90.79000000,91.09000000,2013751.83000000,1705881599999
2024-01-22,91.08000000,91.90000000,82.06000000,83.84000000,7065444.82000000,1705967999999
2024-01-23,83.84000000,86.00000000,79.00000000,84.35000000,8284305.33000000,1706054399999
2024-01-24,84.36000000,89.47000000,83.30000000,88.77000000,6058894.15000000,1706140799999
2024-01-25,88.77000000,89.64000000,85.09000000,86.91000000,4002698.20000000,1706227199999
2024-01-26,86.90000000,93.72000000,85.96000000,92.28000000,4693818.55000000,1706313599999
2024-01-27,92.29000000,94.50000000,90.68000000,94.28000000,2735837.45000000,1706399999999
2024-01-28,94.27000000,99.44000000,93.31000000,95.98000000,5618408.23000000,1706486399999
2024-01-29,95.99000000,101.98000000,95.06000000,101.68000000,5772519.82000000,1706572799999
2024-01-30,101.67000000,106.49000000,100.95000000,101.40000000,6990527.25000000,1706659199999
2024-01-31,101.40000000,102.73000000,95.90000000,96.96000000,8609956.87000000,1706745599999
2024-02-01,96.96000000,98.11000000,93.11000000,97.81000000,6556006.07000000,1706831999999
2024-02-02,97.81000000,102.57000000,97.39000000,100.58000000,5487861.84000000,1706918399999
2024-02-03,100.57000000,101.24000000,96.53000000,97.96000000,2787373.11000000,1707004799999
2024-02-04,97.95000000,98.59000000,95.08000000,95.49000000,2914876.34000000,1707091199999
2024-02-05,95.48000000,98.70000000,94.11000000,95.66000000,3891146.06000000,1707177599999
2024-02-06,95.66000000,97.88000000,92.88000000,96.88000000,4279238.07000000,1707263999999
2024-02-07,96.87000000,101.58000000,94.62000000,101.14000000,4577672.06000000,1707350399999
2024-02-08,101.14000000,104.98000000,100.51000000,102.76000000,5082811.46000000,1707436799999
2024-02-09,102.77000000,109.13000000,102.76000000,106.94000000,6686758.45000000,1707523199999
2024-02-10,106.94000000,110.86000000,106.86000000,109.01000000,3939526.49000000,1707609599999
2024-02-11,109.01000000,110.67000000,107.24000000,107.46000000,2755398.40000000,1707695999999
2024-02-12,107.46000000,112.22000000,103.40000000,111.64000000,6169652.05000000,1707782399999
2024-02-13,111.65000000,115.15000000,108.25000000,112.48000000,5622825.56000000,1707868799999
2024-02-14,112.49000000,118.69000000,110.61000000,116.97000000,4884824.42000000,1707955199999
2024-02-15,116.97000000,118.39000000,111.51000000,113.50000000,4927735.50000000,1708041599999
2024-02-16,113.50000000,114.25000000,107.94000000,110.33000000,3947132.77000000,1708127999999
2024-02-17,110.32000000,111.08000000,105.00000000,108.92000000,2897705.67000000,1708214399999
2024-02-18,108.92000000,114.04000000,107.51000000,112.24000000,3083833.73000000,1708300799999
2024-02-19,112.25000000,114.87000000,110.75000000,111.53000000,3746704.95000000,1708387199999
2024-02-20,111.53000000,112.11000000,103.00000000,108.31000000,5676734.13000000,1708473599999
2024-02-21,108.32000000,108.40000000,100.23000000,105.03000000,4752688.01000000,1708559999999
2024-02-22,105.04000000,107.10000000,101.53000000,101.76000000,3905642.33000000,1708646399999
2024-02-23,101.75000000,103.10000000,98.64000000,99.90000000,3546853.99000000,1708732799999
2024-02-24,99.91000000,104.85000000,98.48000000,104.01000000,2334116.02000000,1708819199999
2024-02-25,104.02000000,104.43000000,102.00000000,103.47000000,1967184.81000000,1708905599999
2024-02-26,103.47000000,110.89000000,100.29000000,109.90000000,5392138.71000000,1708991999999
2024-02-27,109.90000000,112.30000000,105.29000000,108.36000000,6198163.52000000,1709078399999
2024-02-28,108.35000000,119.06000000,106.85000000,119.03000000,11832282.01000000,1709164799999
2024-02-29,119.03000000,134.65000000,117.15000000,125.68000000,13847087.32000000,1709251199999
2024-03-01,125.68000000,137.80000000,125.61000000,129.43000000,8376631.09000000,1709337599999
2024-03-02,129.43000000,131.69000000,127.20000000,130.02000000,4693251.94000000,1709423999999
2024-03-03,130.03000000,132.11000000,124.17000000,130.16000000,5228370.86000000,1709510399999
2024-03-04,130.16000000,134.95000000,127.35000000,133.27000000,8053684.79000000,1709596799999
2024-03-05,133.26000000,142.72000000,105.00000000,125.31000000,17035242.52000000,1709683199999
2024-03-06,125.31000000,134.95000000,120.00000000,130.79000000,9581617.48000000,1709769599999
2024-03-07,130.80000000,149.30000000,130.52000000,143.82000000,10952975.30000000,1709855999999
2024-03-08,143.82000000,152.64000000,142.00000000,144.79000000,8096745.65000000,1709942399999
2024-03-09,144.79000000,149.15000000,143.54000000,144.29000000,3686876.81000000,1710028799999
2024-03-10,144.30000000,148.50000000,140.43000000,144.39000000,4489519.25000000,1710115199999
2024-03-11,144.39000000,150.20000000,136.49000000,148.83000000,7743384.35000000,1710201599999
2024-03-12,148.83000000,155.00000000,141.50000000,151.05000000,8930538.00000000,1710287999999
2024-03-13,151.06000000,166.73000000,148.71000000,163.90000000,7627285.95000000,1710374399999
2024-03-14,163.90000000,178.50000000,159.20000000,176.65000000,10423585.86000000,1710460799999
2024-03-15,176.65000000,188.98000000,164.50000000,183.95000000,17484961.60000000,1710547199999
2024-03-16,183.95000000,197.95000000,176.78000000,182.05000000,13017058.01000000,1710633599999
2024-03-17,182.05000000,205.20000000,178.55000000,201.86000000,10524537.06000000,1710719999999
2024-03-18,201.85000000,210.18000000,193.80000000,195.92000000,11583736.08000000,1710806399999
2024-03-19,195.92000000,198.68000000,166.00000000,169.82000000,16935298.87000000,1710892799999
2024-03-20,169.82000000,193.19000000,162.45000000,191.77000000,12365784.68000000,1710979199999
2024-03-21,191.76000000,195.68000000,175.84000000,179.46000000,8064316.56000000,1711065599999
2024-03-22,179.46000000,181.95000000,167.57000000,175.21000000,6152106.89000000,1711151999999
2024-03-23,175.21000000,179.00000000,170.38000000,172.65000000,3504716.61000000,1711238399999
2024-03-24,172.65000000,186.78000000,171.25000000,183.88000000,3578259.38000000,1711324799999
2024-03-25,183.87000000,194.60000000,180.92000000,188.99000000,5240091.85000000,1711411199999
2024-03-26,188.98000000,196.57000000,186.00000000,190.46000000,4465611.36000000,1711497599999
2024-03-27,190.46000000,192.74000000,180.00000000,186.33000000,5173929.09000000,1711583999999
2024-03-28,186.34000000,190.93000000,180.92000000,189.63000000,3602194.14000000,1711670399999
2024-03-29,189.64000000,193.00000000,183.39000000,192.01000000,3580115.76000000,1711756799999
2024-03-30,192.02000000,200.00000000,190.71000000,194.20000000,3491334.38000000,1711843199999
2024-03-31,194.19000000,203.17000000,193.69000000,202.45000000,2398135.45000000,1711929599999
2024-04-01,202.45000000,204.46000000,186.87000000,192.24000000,4599776.65000000,1712015999999
2024-04-02,192.24000000,192.24000000,175.92000000,181.53000000,5766777.40000000,1712102399999
2024-04-03,181.53000000,192.00000000,176.92000000,185.05000000,5010275.57000000,1712188799999
2024-04-04,185.05000000,190.13000000,180.02000000,184.00000000,3773747.36000000,1712275199999
2024-04-05,184.00000000,185.07000000,167.84000000,174.37000000,5000847.22000000,1712361599999
2024-04-06,174.37000000,179.89000000,173.54000000,178.68000000,2641869.38000000,1712447999999
2024-04-07,178.69000000,182.71000000,176.85000000,179.52000000,2235798.23000000,1712534399999
2024-04-08,179.51000000,184.68000000,175.25000000,180.68000000,3690701.97000000,1712620799999
2024-04-09,180.68000000,180.90000000,169.11000000,172.42000000,3401885.89000000,1712707199999
2024-04-10,172.41000000,175.50000000,162.28000000,173.31000000,4653467.65000000,1712793599999
2024-04-11,173.30000000,176.32000000,170.07000000,172.37000000,3761197.49000000,1712879999999
2024-04-12,172.37000000,175.98000000,141.00000000,153.16000000,6842096.22000000,1712966399999
2024-04-13,153.16000000,155.00000000,116.00000000,138.47000000,15444420.06000000,1713052799999
2024-04-14,138.47000000,152.84000000,130.45000000,151.25000000,12428370.68000000,1713139199999
2024-04-15,151.26000000,156.06000000,133.56000000,138.51000000,9332424.74000000,1713225599999
2024-04-16,138.51000000,140.57000000,126.40000000,136.22000000,9794711.90000000,1713311999999
2024-04-17,136.21000000,142.77000000,126.87000000,131.84000000,9559485.27000000,1713398399999
2024-04-18,131.84000000,144.25000000,127.62000000,142.07000000,7805067.82000000,1713484799999
2024-04-19,142.08000000,147.49000000,128.50000000,142.50000000,11145361.53000000,1713571199999
2024-04-20,142.50000000,152.39000000,139.66000000,151.22000000,4855973.67000000,1713657599999
2024-04-21,151.21000000,153.50000000,146.68000000,148.80000000,3646801.53000000,1713743999999
2024-04-22,148.81000000,158.50000000,146.63000000,156.95000000,4967360.16000000,1713830399999
2024-04-23,156.94000000,160.00000000,153.04000000,154.75000000,4102272.11000000,1713916799999
2024-04-24,154.75000000,159.80000000,145.58000000,147.78000000,6491963.00000000,1714003199999
2024-04-25,147.79000000,149.60000000,142.09000000,144.84000000,5417465.27000000,1714089599999
2024-04-26,144.83000000,146.19000000,138.74000000,139.23000000,3749353.51000000,1714175999999
2024-04-27,139.23000000,143.04000000,132.88000000,141.31000000,3821061.91000000,1714262399999
2024-04-28,141.31000000,144.82000000,137.03000000,137.99000000,2951913.56000000,1714348799999
2024-04-29,137.99000000,138.93000000,133.38000000,137.77000000,4267883.49700000,1714435199999
2024-04-30,137.79000000,139.77000000,121.21000000,126.77000000,6026555.48800000,1714521599999
2024-05-01,126.76000000,135.97000000,118.47000000,134.64000000,7991325.27100000,1714607999999
2024-05-02,134.64000000,140.90000000,128.19000000,137.58000000,5743465.62100000,1714694399999
2024-05-03,137.58000000,145.00000000,135.88000000,143.69000000,4524855.55600000,1714780799999
2024-05-04,143.70000000,149.14000000,142.22000000,146.05000000,2808003.24000000,1714867199999
2024-05-05,146.05000000,148.00000000,143.10000000,145.73000000,2131850.26300000,1714953599999
2024-05-06,145.74000000,156.89000000,145.40000000,152.82000000,4787441.56700000,1715039999999
2024-05-07,152.81000000,159.19000000,147.76000000,148.03000000,4486379.59600000,1715126399999
2024-05-08,148.03000000,152.00000000,140.00000000,142.18000000,4533265.34100000,1715212799999
2024-05-09,142.17000000,153.39000000,140.61000000,152.57000000,3912139.90800000,1715299199999
2024-05-10,152.56000000,155.75000000,144.49000000,146.01000000,4124775.20800000,1715385599999
2024-05-11,146.02000000,147.70000000,143.12000000,145.42000000,2017032.81400000,1715471999999
2024-05-12,145.42000000,147.80000000,142.50000000,143.43000000,1422547.62700000,1715558399999
2024-05-13,143.42000000,150.88000000,137.78000000,147.54000000,4407929.92300000,1715644799999
2024-05-14,147.53000000,149.09000000,141.82000000,142.03000000,3389933.37100000,1715731199999
2024-05-15,142.03000000,158.88000000,141.21000000,158.52000000,4885274.20300000,1715817599999
2024-05-16,158.52000000,164.79000000,156.46000000,159.37000000,4200112.76500000,1715903999999
2024-05-17,159.36000000,174.00000000,159.32000000,169.44000000,4097186.84100000,1715990399999
2024-05-18,169.43000000,176.06000000,168.65000000,172.40000000,2874473.99700000,1716076799999
2024-05-19,172.40000000,175.50000000,165.96000000,169.93000000,2696984.07400000,1716163199999
2024-05-20,169.93000000,188.32000000,167.47000000,186.70000000,5690568.99800000,1716249599999
2024-05-21,186.69000000,188.89000000,174.37000000,178.15000000,4727780.06400000,1716335999999
2024-05-22,178.15000000,185.00000000,174.96000000,176.95000000,4272900.12700000,1716422399999
2024-05-23,176.96000000,181.04000000,165.35000000,176.16000000,5598921.63000000,1716508799999
2024-05-24,176.15000000,176.15000000,162.50000000,167.70000000,4819660.64200000,1716595199999
2024-05-25,167.70000000,170.55000000,165.90000000,168.35000000,1911443.13500000,1716681599999
2024-05-26,168.35000000,168.40000000,161.00000000,163.41000000,3126117.98900000,1716767999999
2024-05-27,163.42000000,172.28000000,163.26000000,170.15000000,3260017.05500000,1716854399999
2024-05-28,170.15000000,173.24000000,164.92000000,168.68000000,3779251.34300000,1716940799999
2024-05-29,168.68000000,173.93000000,167.00000000,168.32000000,2946277.29400000,1717027199999
2024-05-30,168.32000000,173.00000000,163.55000000,166.88000000,3307767.04700000,1717113599999
2024-05-31,166.88000000,170.94000000,163.67000000,165.65000000,2592736.38800000,1717199999999
2024-06-01,165.65000000,167.95000000,165.64000000,166.14000000,1070498.92800000,1717286399999
2024-06-02,166.14000000,167.10000000,161.32000000,163.15000000,1669577.98600000,1717372799999
2024-06-03,163.14000000,167.21000000,161.79000000,164.89000000,2378016.53200000,1717459199999
2024-06-04,164.90000000,171.87000000,164.31000000,171.78000000,2124954.01500000,1717545599999
2024-06-05,171.78000000,175.60000000,170.00000000,173.54000000,2560223.58900000,1717631999999
2024-06-06,173.55000000,174.40000000,167.51000000,170.15000000,2116238.23400000,1717718399999
2024-06-07,170.15000000,172.85000000,152.92000000,162.50000000,3538852.09100000,1717804799999
2024-06-08,162.51000000,163.78000000,157.37000000,157.83000000,1789882.65000000,1717891199999
2024-06-09,157.83000000,163.04000000,156.52000000,162.12000000,1444905.00000000,1717977599999
2024-06-10,162.12000000,163.18000000,157.46000000,159.05000000,1760276.95400000,1718063999999
2024-06-11,159.04000000,159.75000000,145.20000000,149.31000000,3646582.77700000,1718150399999
2024-06-12,149.31000000,161.84000000,145.44000000,155.22000000,3851856.39400000,1718236799999
2024-06-13,155.21000000,155.21000000,146.03000000,147.29000000,2573289.11100000,1718323199999
2024-06-14,147.29000000,149.00000000,139.67000000,143.05000000,3183461.49300000,1718409599999
2024-06-15,143.04000000,145.78000000,142.92000000,145.52000000,1346924.92200000,1718495999999
2024-06-16,145.52000000,151.35000000,143.08000000,151.30000000,1405879.42700000,1718582399999
2024-06-17,151.30000000,151.79000000,139.85000000,143.27000000,3412959.81200000,1718668799999
2024-06-18,143.28000000,143.82000000,127.95000000,137.41000000,6557976.71000000,1718755199999
2024-06-19,137.41000000,141.90000000,134.47000000,135.62000000,3536777.46800000,1718841599999
2024-06-20,135.62000000,141.29000000,131.90000000,133.55000000,3507680.50800000,1718927999999
2024-06-21,133.55000000,135.38000000,128.76000000,134.60000000,3230074.02700000,1719014399999
2024-06-22,134.61000000,136.74000000,133.00000000,133.69000000,1399215.89100000,1719100799999
2024-06-23,133.70000000,135.09000000,128.22000000,128.69000000,1492401.23100000,1719187199999
2024-06-24,128.68000000,132.66000000,122.00000000,132.33000000,5583497.77700000,1719273599999
2024-06-25,132.34000000,139.90000000,131.20000000,136.58000000,3963661.70400000,1719359999999
2024-06-26,136.57000000,140.41000000,134.85000000,136.81000000,2503428.06600000,1719446399999
2024-06-27,136.81000000,151.21000000,135.20000000,149.71000000,4450967.43600000,1719532799999
2024-06-28,149.71000000,150.84000000,139.01000000,140.03000000,3339031.26700000,1719619199999
2024-06-29,140.03000000,143.26000000,139.67000000,140.28000000,1468985.54300000,1719705599999
2024-06-30,140.28000000,147.62000000,137.09000000,146.61000000,2086670.18900000,1719791999999
2024-07-01,146.61000000,149.36000000,145.87000000,146.67000000,2280252.83600000,1719878399999
2024-07-02,146.68000000,155.00000000,146.14000000,154.03000000,2776061.29200000,1719964799999
2024-07-03,154.03000000,154.50000000,139.01000000,140.84000000,4189341.93300000,1720051199999
2024-07-04,140.84000000,142.75000000,127.20000000,127.86000000,5230812.15800000,1720137599999
2024-07-05,127.85000000,136.58000000,121.00000000,134.32000000,7669471.23100000,1720223999999
2024-07-06,134.32000000,144.35000000,132.33000000,143.05000000,2873919.13600000,1720310399999
2024-07-07,143.05000000,143.33000000,131.23000000,131.64000000,2590805.36900000,1720396799999
2024-07-08,131.64000000,142.00000000,127.77000000,139.81000000,5708358.00800000,1720483199999
2024-07-09,139.81000000,144.33000000,136.45000000,141.42000000,3363673.60600000,1720569599999
2024-07-10,141.43000000,146.20000000,138.60000000,141.98000000,2700825.89300000,1720655999999
2024-07-11,141.99000000,146.10000000,135.64000000,135.73000000,3363094.13000000,1720742399999
2024-07-12,135.73000000,140.55000000,133.92000000,139.46000000,2929528.43100000,1720828799999
2024-07-13,139.47000000,143.60000000,137.94000000,141.90000000,1357177.62100000,1720915199999
2024-07-14,141.89000000,148.56000000,141.87000000,147.66000000,2997466.75700000,1721001599999
2024-07-15,147.66000000,159.95000000,147.00000000,159.38000000,3428848.52200000,1721087999999
2024-07-16,159.37000000,162.49000000,152.57000000,160.62000000,3988105.45400000,1721174399999
2024-07-17,160.62000000,163.80000000,154.68000000,155.50000000,2840583.09000000,1721260799999
2024-07-18,155.50000000,161.60000000,155.07000000,159.22000000,2584704.12400000,1721347199999
2024-07-19,159.22000000,172.42000000,156.07000000,169.13000000,4685513.24000000,1721433599999
2024-07-20,169.12000000,175.10000000,167.27000000,173.60000000,2047796.04600000,1721519999999
2024-07-21,173.60000000,185.17000000,170.27000000,184.49000000,3684536.41100000,1721606399999
2024-07-22,184.49000000,185.00000000,176.71000000,178.90000000,3345609.52500000,1721692799999
2024-07-23,178.90000000,180.54000000,169.72000000,173.03000000,3895827.33200000,1721779199999
2024-07-24,173.03000000,182.50000000,170.90000000,178.06000000,3845177.71300000,1721865599999
2024-07-25,178.07000000,179.59000000,165.42000000,171.85000000,4859387.42800000,1721951999999
2024-07-26,171.86000000,185.01000000,171.69000000,183.06000000,3030603.24600000,1722038399999
2024-07-27,183.07000000,188.33000000,178.11000000,183.92000000,3518852.05600000,1722124799999
2024-07-28,183.92000000,186.77000000,181.16000000,184.90000000,1901473.95700000,1722211199999
2024-07-29,184.91000000,193.98000000,181.57000000,182.57000000,4024560.31400000,1722297599999
2024-07-30,182.57000000,184.95000000,175.39000000,179.16000000,3074498.49300000,1722383999999
2024-07-31,179.16000000,185.10000000,171.61000000,171.71000000,3250862.52700000,1722470399999
2024-08-01,171.70000000,172.91000000,157.91000000,167.37000000,5523497.61500000,1722556799999
2024-08-02,167.37000000,169.43000000,150.00000000,152.77000000,5553017.93400000,1722643199999
2024-08-03,152.78000000,154.05000000,140.00000000,142.52000000,5444954.69300000,1722729599999
2024-08-04,142.53000000,146.08000000,131.22000000,138.33000000,7037715.28500000,1722815999999
2024-08-05,138.32000000,139.37000000,110.00000000,129.78000000,24267557.81900000,1722902399999
2024-08-06,129.79000000,149.59000000,129.40000000,144.40000000,8362643.63400000,1722988799999
2024-08-07,144.40000000,155.00000000,142.21000000,144.77000000,8372307.58700000,1723075199999
2024-08-08,144.78000000,163.70000000,141.40000000,163.13000000,7303133.96000000,1723161599999
2024-08-09,163.12000000,163.54000000,150.72000000,156.28000000,4098735.23300000,1723247999999
2024-08-10,156.29000000,158.75000000,152.54000000,154.01000000,1885839.23300000,1723334399999
2024-08-11,154.01000000,158.00000000,141.20000000,141.57000000,3468314.25500000,1723420799999
2024-08-12,141.56000000,150.79000000,141.20000000,146.29000000,4946945.23900000,1723507199999
2024-08-13,146.29000000,149.82000000,142.92000000,146.65000000,2865655.42300000,1723593599999
2024-08-14,146.65000000,152.18000000,142.36000000,143.71000000,3927148.64700000,1723679999999
2024-08-15,143.70000000,147.64000000,137.78000000,142.58000000,4229038.81600000,1723766399999
2024-08-16,142.58000000,144.88000000,136.10000000,139.04000000,4035320.60500000,1723852799999
2024-08-17,139.04000000,141.99000000,137.61000000,141.93000000,1561594.10300000,1723939199999
2024-08-18,141.92000000,147.31000000,140.56000000,142.42000000,2352046.74300000,1724025599999
2024-08-19,142.42000000,146.19000000,140.33000000,144.29000000,2940357.95300000,1724111999999
2024-08-20,144.28000000,148.83000000,141.00000000,142.27000000,3021467.59600000,1724198399999
2024-08-21,142.27000000,144.42000000,138.70000000,142.79000000,2519581.85900000,1724284799999
2024-08-22,142.78000000,144.88000000,140.63000000,143.22000000,1825402.71800000,1724371199999
2024-08-23,143.23000000,154.08000000,142.68000000,153.26000000,3781090.16200000,1724457599999
2024-08-24,153.27000000,162.30000000,151.97000000,160.67000000,3739086.94900000,1724543999999
2024-08-25,160.67000000,162.00000000,155.25000000,158.92000000,2629083.70300000,1724630399999
2024-08-26,158.92000000,162.00000000,155.53000000,157.12000000,3318398.04100000,1724716799999
2024-08-27,157.12000000,159.69000000,145.03000000,146.79000000,3650375.76600000,1724803199999
2024-08-28,146.78000000,149.30000000,140.53000000,143.95000000,4270867.03400000,1724889599999
2024-08-29,143.96000000,147.36000000,138.05000000,140.00000000,2921816.82900000,1724975999999
2024-08-30,140.01000000,141.11000000,132.04000000,137.99000000,4038797.16900000,1725062399999
2024-08-31,137.99000000,139.23000000,134.49000000,135.35000000,1230210.74500000,1725148799999
2024-09-01,135.35000000,136.15000000,127.66000000,128.50000000,2928444.74100000,1725235199999
2024-09-02,128.50000000,135.39000000,126.80000000,134.94000000,3146315.55400000,1725321599999
2024-09-03,134.95000000,138.13000000,127.15000000,127.54000000,2627381.92500000,1725407999999
2024-09-04,127.54000000,134.98000000,122.60000000,133.64000000,3814059.10900000,1725494399999
2024-09-05,133.64000000,135.58000000,127.85000000,129.41000000,2762037.05200000,1725580799999
2024-09-06,129.40000000,134.29000000,120.00000000,125.05000000,5494252.37000000,1725667199999
2024-09-07,125.05000000,129.50000000,124.13000000,127.71000000,2111596.96500000,1725753599999
2024-09-08,127.72000000,131.70000000,126.61000000,130.15000000,1971919.86600000,1725839999999
2024-09-09,130.15000000,137.09000000,126.96000000,135.08000000,3664956.87800000,1725926399999
2024-09-10,135.07000000,138.00000000,132.50000000,135.63000000,2305171.22000000,1726012799999
2024-09-11,135.64000000,135.91000000,128.20000000,132.42000000,3139383.41800000,1726099199999
2024-09-12,132.43000000,136.78000000,132.38000000,136.05000000,2273359.30900000,1726185599999
2024-09-13,136.06000000,139.80000000,131.70000000,139.02000000,2714532.02500000,1726271999999
2024-09-14,139.02000000,139.80000000,135.60000000,137.14000000,1396833.29800000,1726358399999
2024-09-15,137.15000000,137.95000000,130.43000000,131.37000000,1850456.74000000,1726444799999
2024-09-16,131.38000000,132.40000000,128.91000000,131.47000000,2136388.30500000,1726531199999
2024-09-17,131.47000000,135.55000000,130.12000000,131.54000000,2339845.91100000,1726617599999
2024-09-18,131.54000000,134.45000000,127.07000000,134.34000000,3309787.25800000,1726703999999
2024-09-19,134.34000000,144.04000000,134.27000000,142.89000000,4130435.35000000,1726790399999
2024-09-20,142.88000000,152.50000000,141.18000000,146.66000000,4488100.61500000,1726876799999
2024-09-21,146.67000000,150.25000000,144.61000000,149.41000000,1916733.21600000,1726963199999
2024-09-22,149.42000000,149.92000000,141.12000000,144.63000000,2165962.88800000,1727049599999
2024-09-23,144.64000000,149.07000000,142.13000000,144.79000000,3226373.77300000,1727135999999
2024-09-24,144.79000000,154.00000000,143.09000000,152.73000000,4015502.93100000,1727222399999
2024-09-25,152.74000000,153.93000000,147.28000000,147.98000000,2728253.34600000,1727308799999
2024-09-26,147.97000000,158.05000000,146.57000000,155.55000000,4251220.76300000,1727395199999
2024-09-27,155.54000000,161.43000000,153.89000000,157.64000000,3725660.99800000,1727481599999
2024-09-28,157.63000000,159.43000000,155.00000000,156.75000000,1580834.34100000,1727567999999
2024-09-29,156.75000000,161.78000000,155.09000000,158.46000000,2350658.47600000,1727654399999
2024-09-30,158.47000000,159.77000000,151.73000000,152.49000000,3240682.20600000,1727740799999
2024-10-01,152.51000000,157.34000000,142.29000000,145.13000000,4991241.41900000,1727827199999
2024-10-02,145.12000000,148.96000000,138.61000000,140.18000000,3817606.11900000,1727913599999
2024-10-03,140.18000000,142.96000000,133.11000000,136.82000000,3742347.84500000,1727999999999
2024-10-04,136.81000000,144.55000000,135.95000000,143.24000000,3120151.95300000,1728086399999
2024-10-05,143.24000000,144.93000000,141.06000000,142.59000000,1475217.81600000,1728172799999
2024-10-06,142.59000000,146.75000000,142.00000000,146.48000000,1409071.40000000,1728259199999
2024-10-07,146.47000000,152.40000000,143.50000000,143.96000000,3607754.95100000,1728345599999
2024-10-08,143.97000000,145.60000000,141.17000000,143.49000000,2153828.15300000,1728431999999
2024-10-09,143.50000000,145.34000000,138.66000000,139.33000000,2071518.06100000,1728518399999
2024-10-10,139.33000000,140.92000000,135.52000000,139.03000000,2289782.90700000,1728604799999
2024-10-11,139.04000000,146.62000000,138.68000000,145.53000000,2269088.91800000,1728691199999
2024-10-12,145.52000000,147.32000000,144.71000000,146.40000000,1347679.54800000,1728777599999
2024-10-13,146.39000000,148.86000000,144.45000000,147.74000000,1599054.83300000,1728863999999
2024-10-14,147.74000000,158.10000000,146.80000000,157.59000000,3987055.14500000,1728950399999
2024-10-15,157.59000000,159.73000000,150.30000000,154.76000000,4480025.11100000,1729036799999
2024-10-16,154.76000000,158.41000000,153.00000000,154.28000000,2851816.35000000,1729123199999
2024-10-17,154.28000000,155.73000000,147.66000000,150.50000000,2664809.94800000,1729209599999
2024-10-18,150.50000000,156.65000000,149.56000000,154.94000000,1829394.11800000,1729295999999
2024-10-19,154.93000000,159.85000000,153.45000000,159.79000000,1724504.16600000,1729382399999
2024-10-20,159.79000000,167.94000000,157.58000000,167.40000000,3094698.82500000,1729468799999
2024-10-21,167.40000000,171.76000000,160.99000000,166.17000000,4807758.74200000,1729555199999
2024-10-22,166.16000000,170.99000000,162.99000000,167.59000000,4115685.50200000,1729641599999
2024-10-23,167.60000000,174.30000000,164.13000000,170.85000000,4509792.29200000,1729727999999
2024-10-24,170.86000000,179.30000000,170.50000000,177.19000000,3893052.12000000,1729814399999
2024-10-25,177.19000000,177.60000000,159.12000000,164.90000000,5718307.06600000,1729900799999
2024-10-26,164.91000000,173.25000000,162.43000000,170.88000000,3010702.79600000,1729987199999
2024-10-27,170.87000000,178.27000000,170.26000000,176.63000000,2606131.77100000,1730073599999
2024-10-28,176.63000000,179.80000000,172.45000000,178.29000000,3877330.22100000,1730159999999
2024-10-29,178.28000000,183.38000000,176.41000000,179.42000000,4046109.93900000,1730246399999
2024-10-30,179.43000000,181.36000000,173.01000000,174.87000000,2893112.75100000,1730332799999
2024-10-31,174.87000000,176.56000000,167.56000000,168.69000000,2661529.29800000,1730419199999
2024-11-01,168.69000000,174.00000000,163.43000000,166.10000000,3325662.44700000,1730505599999
2024-11-02,166.11000000,168.61000000,162.11000000,166.17000000,1603273.60300000,1730591999999
2024-11-03,166.16000000,166.61000000,157.82000000,162.53000000,2745309.82900000,1730678399999
2024-11-04,162.52000000,165.04000000,155.11000000,157.95000000,3019251.32500000,1730764799999
2024-11-05,157.95000000,169.30000000,156.86000000,166.62000000,3438156.87100000,1730851199999
2024-11-06,166.63000000,190.01000000,166.40000000,186.59000000,10385235.99200000,1730937599999
2024-11-07,186.59000000,197.84000000,185.84000000,196.35000000,4210329.82000000,1731023999999
2024-11-08,196.36000000,205.00000000,195.64000000,199.85000000,5129244.18800000,1731110399999
2024-11-09,199.86000000,203.45000000,194.86000000,199.89000000,2833304.99600000,1731196799999
2024-11-10,199.89000000,215.27000000,198.68000000,210.07000000,7968628.23000000,1731283199999
2024-11-11,210.07000000,224.00000000,204.16000000,222.13000000,8935306.96800000,1731369599999
2024-11-12,222.12000000,225.21000000,204.71000000,211.64000000,9001990.65900000,1731455999999
2024-11-13,211.63000000,220.44000000,200.67000000,215.13000000,10834052.79900000,1731542399999
2024-11-14,215.14000000,222.80000000,206.78000000,209.57000000,7458523.70800000,1731628799999
2024-11-15,209.57000000,220.50000000,204.48000000,218.45000000,5271091.92400000,1731715199999
2024-11-16,218.44000000,221.99000000,213.35000000,215.71000000,4204469.30000000,1731801599999
2024-11-17,215.72000000,242.33000000,212.10000000,237.47000000,8433424.20400000,1731887999999
2024-11-18,237.47000000,248.44000000,234.01000000,239.79000000,7485850.36100000,1731974399999
2024-11-19,239.79000000,247.50000000,233.40000000,237.63000000,5595613.40200000,1732060799999
2024-11-20,237.64000000,242.54000000,230.37000000,235.48000000,5472203.47600000,1732147199999
2024-11-21,235.48000000,259.80000000,229.60000000,256.37000000,8595939.99400000,1732233599999
2024-11-22,256.38000000,264.39000000,251.47000000,256.90000000,5155181.90500000,1732319999999
2024-11-23,256.90000000,264.00000000,252.69000000,254.89000000,4836783.22700000,1732406399999
2024-11-24,254.90000000,259.78000000,240.93000000,252.73000000,3665245.81200000,1732492799999
2024-11-25,252.74000000,256.70000000,231.21000000,234.18000000,4699636.31700000,1732579199999
2024-11-26,234.18000000,239.66000000,221.80000000,230.69000000,5012621.45600000,1732665599999
2024-11-27,230.69000000,243.33000000,227.51000000,241.96000000,3807284.29700000,1732751999999
2024-11-28,241.96000000,245.28000000,232.80000000,237.59000000,2694033.06000000,1732838399999
2024-11-29,237.58000000,246.77000000,236.55000000,243.33000000,2890806.07900000,1732924799999
2024-11-30,243.33000000,245.40000000,237.50000000,237.60000000,2279256.81600000,1733011199999
2024-12-01,237.60000000,239.89000000,234.10000000,236.80000000,2435872.95400000,1733097599999
2024-12-02,236.79000000,238.20000000,220.00000000,225.72000000,5868060.27500000,1733183999999
2024-12-03,225.73000000,239.60000000,215.00000000,233.92000000,6918604.72800000,1733270399999
2024-12-04,233.92000000,241.00000000,224.67000000,229.15000000,4966864.20500000,1733356799999
2024-12-05,229.15000000,244.77000000,222.95000000,235.84000000,7391549.99300000,1733443199999
2024-12-06,235.84000000,247.00000000,230.92000000,236.87000000,5136553.82700000,1733529599999
2024-12-07,236.87000000,243.61000000,234.12000000,238.14000000,2933621.43800000,1733615999999
2024-12-08,238.14000000,241.51000000,233.22000000,237.02000000,2222837.55100000,1733702399999
2024-12-09,237.02000000,237.28000000,203.00000000,216.63000000,7391583.70800000,1733788799999
2024-12-10,216.62000000,221.06000000,203.21000000,213.60000000,7018707.73000000,1733875199999
2024-12-11,213.60000000,230.65000000,211.51000000,227.29000000,4688484.80800000,1733961599999
2024-12-12,227.29000000,234.69000000,225.67000000,226.96000000,3559104.06700000,1734047999999
2024-12-13,226.95000000,228.44000000,220.60000000,224.79000000,2889526.77100000,1734134399999
2024-12-14,224.79000000,227.51000000,215.13000000,219.93000000,2155654.47100000,1734220799999
2024-12-15,219.94000000,225.50000000,215.68000000,224.27000000,2130908.00900000,1734307199999
2024-12-16,224.26000000,227.56000000,213.26000000,216.19000000,3863409.20100000,1734393599999
2024-12-17,216.19000000,228.95000000,211.36000000,223.15000000,5177736.74800000,1734479999999
2024-12-18,223.16000000,226.04000000,204.80000000,206.53000000,5565926.56300000,1734566399999
2024-12-19,206.53000000,212.14000000,187.00000000,193.81000000,7402649.88600000,1734652799999
2024-12-20,193.82000000,199.81000000,175.26000000,194.48000000,9793383.66800000,1734739199999
2024-12-21,194.48000000,201.98000000,178.30000000,181.45000000,5243572.61700000,1734825599999
2024-12-22,181.46000000,187.87000000,176.88000000,180.52000000,3573368.97200000,1734911999999
2024-12-23,180.53000000,193.48000000,176.48000000,190.11000000,4217664.03000000,1734998399999
2024-12-24,190.12000000,199.00000000,186.13000000,197.09000000,2709577.67200000,1735084799999
2024-12-25,197.09000000,201.85000000,195.00000000,197.44000000,1958644.48700000,1735171199999
2024-12-26,197.45000000,199.71000000,186.54000000,188.46000000,2045566.10000000,1735257599999
2024-12-27,188.46000000,194.39000000,182.74000000,184.22000000,1946509.64500000,1735343999999
2024-12-28,184.22000000,196.10000000,183.82000000,195.50000000,1494847.86700000,1735430399999
2024-12-29,195.50000000,197.71000000,188.57000000,189.94000000,1560190.01900000,1735516799999
2024-12-30,189.94000000,196.47000000,185.89000000,191.38000000,2415985.48800000,1735603199999
2024-12-31,191.37000000,199.27000000,188.04000000,189.31000000,2461978.26200000,1735689599999
2025-01-01,189.31000000,195.33000000,188.00000000,194.28000000,1655160.10200000,1735775999999
2025-01-02,194.28000000,210.48000000,193.43000000,208.31000000,3224923.98200000,1735862399999
2025-01-03,208.30000000,219.83000000,205.63000000,217.99000000,3251086.55600000,1735948799999
2025-01-04,218.00000000,218.18000000,213.54000000,216.67000000,1943711.39000000,1736035199999
2025-01-05,216.67000000,219.05000000,211.46000000,213.41000000,2101040.54500000,1736121599999
2025-01-06,213.41000000,223.18000000,211.56000000,218.22000000,2855362.85800000,1736207999999
2025-01-07,218.22000000,219.11000000,201.80000000,202.17000000,3742298.28400000,1736294399999
2025-01-08,202.17000000,203.28000000,188.34000000,197.48000000,4446830.23000000,1736380799999
2025-01-09,197.48000000,199.06000000,182.00000000,184.95000000,3607147.19300000,1736467199999
2025-01-10,184.96000000,193.02000000,183.51000000,187.68000000,3642892.08200000,1736553599999
2025-01-11,187.69000000,191.91000000,184.01000000,188.09000000,2204486.05600000,1736639999999
2025-01-12,188.09000000,191.00000000,185.17000000,188.51000000,1330917.13500000,1736726399999
2025-01-13,188.50000000,191.99000000,168.88000000,182.87000000,5669925.61300000,1736812799999
2025-01-14,182.86000000,190.11000000,181.88000000,187.57000000,2737355.06400000,1736899199999
2025-01-15,187.57000000,206.04000000,185.84000000,205.86000000,3768610.58000000,1736985599999
2025-01-16,205.86000000,217.14000000,198.47000000,211.14000000,5710255.65700000,1737071999999
2025-01-17,211.15000000,222.11000000,209.84000000,219.51000000,4384472.83800000,1737158399999
2025-01-18,219.52000000,270.67000000,217.29000000,261.97000000,19971981.58000000,1737244799999
2025-01-19,261.97000000,295.83000000,236.68000000,252.42000000,25051667.60000000,1737331199999
2025-01-20,252.40000000,273.29000000,229.44000000,242.19000000,16879575.56100000,1737417599999
2025-01-21,242.18000000,260.06000000,230.00000000,250.33000000,7882737.25700000,1737503999999
2025-01-22,250.33000000,272.03000000,248.43000000,257.36000000,6223427.61600000,1737590399999
2025-01-23,257.37000000,258.48000000,242.19000000,253.11000000,6802762.72300000,1737676799999
2025-01-24,253.12000000,270.18000000,247.18000000,253.37000000,5214294.56900000,1737763199999
2025-01-25,253.36000000,260.78000000,246.33000000,256.41000000,3703989.30100000,1737849599999
2025-01-26,256.40000000,260.16000000,240.32000000,240.50000000,3028015.52400000,1737935999999
2025-01-27,240.49000000,242.68000000,220.89000000,234.89000000,8916620.84200000,1738022399999
2025-01-28,234.90000000,244.00000000,225.01000000,227.06000000,3483450.08700000,1738108799999
2025-01-29,227.06000000,238.49000000,222.63000000,228.16000000,3844193.83800000,1738195199999
2025-01-30,228.16000000,244.70000000,226.84000000,238.31000000,3341265.97300000,1738281599999
2025-01-31,238.30000000,241.82000000,228.24000000,231.77000000,2942165.56700000,1738367999999
2025-02-01,231.77000000,236.46000000,212.74000000,213.03000000,2849748.65000000,1738454399999
2025-02-02,213.03000000,218.90000000,192.31000000,203.51000000,7255500.33300000,1738540799999
2025-02-03,203.52000000,218.70000000,175.89000000,216.28000000,12836970.26500000,1738627199999
2025-02-04,216.27000000,219.97000000,201.87000000,206.64000000,6024194.38700000,1738713599999
2025-02-05,206.64000000,209.39000000,195.14000000,196.12000000,3154802.03700000,1738799999999
2025-02-06,196.12000000,203.98000000,187.39000000,189.54000000,3444767.14700000,1738886399999
2025-02-07,189.53000000,203.42000000,188.12000000,191.99000000,3925596.77300000,1738972799999
2025-02-08,192.00000000,200.88000000,189.81000000,199.32000000,1967596.75200000,1739059199999
2025-02-09,199.32000000,207.37000000,193.53000000,200.47000000,2879138.46000000,1739145599999
2025-02-10,200.47000000,209.05000000,195.85000000,200.47000000,4040840.54800000,1739231999999
2025-02-11,200.47000000,206.18000000,195.12000000,197.96000000,3930238.33500000,1739318399999
2025-02-12,197.95000000,198.56000000,188.48000000,196.78000000,3898533.32100000,1739404799999
2025-02-13,196.78000000,198.47000000,188.78000000,194.25000000,2427771.87600000,1739491199999
2025-02-14,194.24000000,205.34000000,194.11000000,199.39000000,3727686.06300000,1739577599999
2025-02-15,199.40000000,200.27000000,192.61000000,194.48000000,1633300.39900000,1739663999999
2025-02-16,194.47000000,196.24000000,186.30000000,188.27000000,2009380.86200000,1739750399999
2025-02-17,188.26000000,189.72000000,174.63000000,177.53000000,4287573.73000000,1739836799999
2025-02-18,177.53000000,179.09000000,160.88000000,169.32000000,6319186.16600000,1739923199999
2025-02-19,169.32000000,174.30000000,163.75000000,168.93000000,3478319.26200000,1740009599999
2025-02-20,168.94000000,176.65000000,167.66000000,176.00000000,2938753.33500000,1740095999999
2025-02-21,176.00000000,180.52000000,167.15000000,168.94000000,4103682.85700000,1740182399999
2025-02-22,168.94000000,174.68000000,168.07000000,172.07000000,1886813.45700000,1740268799999
2025-02-23,172.07000000,173.07000000,166.42000000,167.94000000,1488310.75900000,1740355199999
2025-02-24,167.94000000,169.69000000,138.00000000,141.81000000,7997237.91500000,1740441599999
2025-02-25,141.81000000,147.09000000,131.91000000,144.33000000,11747010.14500000,1740527999999
2025-02-26,144.33000000,145.19000000,130.65000000,135.32000000,5368401.05900000,1740614399999
2025-02-27,135.33000000,142.90000000,134.71000000,137.68000000,4322990.45900000,1740700799999
2025-02-28,137.68000000,148.72000000,125.55000000,148.18000000,10039960.61300000,1740787199999
2025-03-01,148.18000000,151.25000000,138.57000000,143.66000000,4151855.75800000,1740873599999
2025-03-02,143.66000000,179.85000000,140.04000000,178.71000000,13474639.84600000,1740959999999
2025-03-03,178.72000000,179.47000000,139.21000000,142.16000000,11096202.04000000,1741046399999
2025-03-04,142.16000000,147.00000000,130.66000000,144.79000000,10389598.33400000,1741132799999
2025-03-05,144.80000000,149.73000000,140.18000000,146.28000000,4895520.58500000,1741219199999
2025-03-06,146.27000000,152.90000000,142.44000000,143.31000000,4451879.66100000,1741305599999
2025-03-07,143.30000000,150.88000000,135.04000000,139.39000000,7267412.77100000,1741391999999
2025-03-08,139.39000000,141.09000000,135.29000000,137.01000000,2135751.39300000,1741478399999
2025-03-09,137.01000000,139.88000000,125.41000000,126.51000000,3909495.65200000,1741564799999
2025-03-10,126.52000000,131.57000000,115.47000000,118.32000000,6654109.33100000,1741651199999
2025-03-11,118.32000000,128.43000000,112.00000000,125.35000000,6435277.86300000,1741737599999
2025-03-12,125.35000000,131.33000000,121.22000000,126.62000000,4410502.14000000,1741823999999
2025-03-13,126.61000000,128.76000000,120.76000000,123.37000000,2824584.96100000,1741910399999
2025-03-14,123.36000000,136.03000000,122.98000000,133.54000000,3607725.49200000,1741996799999
2025-03-15,133.53000000,136.53000000,132.44000000,135.86000000,1918077.49000000,1742083199999
2025-03-16,135.86000000,136.71000000,125.21000000,126.13000000,2764260.89200000,1742169599999
2025-03-17,126.13000000,130.64000000,125.55000000,128.01000000,2707611.09400000,1742255999999
2025-03-18,128.01000000,128.19000000,121.76000000,125.33000000,3181789.69900000,1742342399999
2025-03-19,125.33000000,136.08000000,124.20000000,135.33000000,4170497.99100000,1742428799999
2025-03-20,135.33000000,136.12000000,126.65000000,127.60000000,2593287.98600000,1742515199999
2025-03-21,127.60000000,130.18000000,124.81000000,128.48000000,2400422.34800000,1742601599999
2025-03-22,128.47000000,131.84000000,127.80000000,128.51000000,1498168.19600000,1742687999999
2025-03-23,128.50000000,134.06000000,128.21000000,132.84000000,1763485.98600000,1742774399999
2025-03-24,132.85000000,144.96000000,132.04000000,141.01000000,4554131.64500000,1742860799999
2025-03-25,141.01000000,147.48000000,138.17000000,143.64000000,3529958.67000000,1742947199999
2025-03-26,143.64000000,145.49000000,135.89000000,137.34000000,3099523.28700000,1743033599999
2025-03-27,137.35000000,140.22000000,135.63000000,138.43000000,2466162.68300000,1743119999999
2025-03-28,138.44000000,139.05000000,127.69000000,129.49000000,3892191.36500000,1743206399999
2025-03-29,129.50000000,130.54000000,122.68000000,124.58000000,2610065.51500000,1743292799999
2025-03-30,124.58000000,127.08000000,123.00000000,124.82000000,1743775.29600000,1743379199999
2025-03-31,124.83000000,127.81000000,122.75000000,124.54000000,3730628.85300000,1743465599999
2025-04-01,124.53000000,130.55000000,123.74000000,126.67000000,3554277.84800000,1743551999999
2025-04-02,126.68000000,136.21000000,117.00000000,117.42000000,6288908.68000000,1743638399999
2025-04-03,117.42000000,120.94000000,112.24000000,117.17000000,5854867.27800000,1743724799999
2025-04-04,117.17000000,124.00000000,113.25000000,122.79000000,5721072.32000000,1743811199999
2025-04-05,122.80000000,122.85000000,117.15000000,120.32000000,1784381.30000000,1743897599999
2025-04-06,120.33000000,121.13000000,103.81000000,105.91000000,4934346.98500000,1743983999999
2025-04-07,105.90000000,113.00000000,95.26000000,106.99000000,12630664.99300000,1744070399999
2025-04-08,106.98000000,112.58000000,102.96000000,105.40000000,5839129.78200000,1744156799999
2025-04-09,105.40000000,121.00000000,101.26000000,119.05000000,9334586.13900000,1744243199999
2025-04-10,119.05000000,119.30000000,108.21000000,112.81000000,5566324.62900000,1744329599999
2025-04-11,112.80000000,122.65000000,112.16000000,121.41000000,4344066.88900000,1744415999999
2025-04-12,121.41000000,134.11000000,119.41000000,132.24000000,4620265.85500000,1744502399999
2025-04-13,132.24000000,133.96000000,125.32000000,128.38000000,4054370.60300000,1744588799999
2025-04-14,128.38000000,136.13000000,127.98000000,129.42000000,4150251.45000000,1744675199999
2025-04-15,129.41000000,134.45000000,125.82000000,126.11000000,3431482.49700000,1744761599999
2025-04-16,126.10000000,133.91000000,123.49000000,131.33000000,5320768.99400000,1744847999999
2025-04-17,131.33000000,136.20000000,129.50000000,134.83000000,3817459.71800000,1744934399999
2025-04-18,134.84000000,136.02000000,132.47000000,134.04000000,2556341.87400000,1745020799999
2025-04-19,134.05000000,140.50000000,133.58000000,139.87000000,2816038.06800000,1745107199999
2025-04-20,139.86000000,141.96000000,135.64000000,137.86000000,3498098.61500000,1745193599999
2025-04-21,137.86000000,143.25000000,133.82000000,136.56000000,4657400.50300000,1745279999999
2025-04-22,136.57000000,150.23000000,134.68000000,148.79000000,5078409.53600000,1745366399999
2025-04-23,148.78000000,154.21000000,147.13000000,151.10000000,4801378.47000000,1745452799999
2025-04-24,151.10000000,152.90000000,144.87000000,152.55000000,3535860.48400000,1745539199999
2025-04-25,152.55000000,157.00000000,149.87000000,150.82000000,4226767.97300000,1745625599999
2025-04-26,150.82000000,153.17000000,147.75000000,149.21000000,1766805.88000000,1745711999999
2025-04-27,149.22000000,150.41000000,145.51000000,147.98000000,1599977.89100000,1745798399999
2025-04-28,147.97000000,153.40000000,144.63000000,147.84000000,3507950.44500000,1745884799999
2025-04-29,147.84000000,150.39000000,145.00000000,146.31000000,2498992.49200000,1745971199999
2025-04-30,146.30000000,148.67000000,140.32000000,147.54000000,2780816.36300000,1746057599999
2025-05-01,147.54000000,153.99000000,147.54000000,150.85000000,3037281.45400000,1746143999999
2025-05-02,150.85000000,151.91000000,147.30000000,148.05000000,2216263.07300000,1746230399999
2025-05-03,148.04000000,149.05000000,145.82000000,146.71000000,1406583.56000000,1746316799999
2025-05-04,146.71000000,147.81000000,143.50000000,143.95000000,1613358.55300000,1746403199999
2025-05-05,143.94000000,147.73000000,142.50000000,146.72000000,2030995.80100000,1746489599999
2025-05-06,146.72000000,147.23000000,141.41000000,146.88000000,2352310.93500000,1746575999999
2025-05-07,146.89000000,149.54000000,144.68000000,147.32000000,2440566.28400000,1746662399999
2025-05-08,147.32000000,164.60000000,147.08000000,164.46000000,6040622.61800000,1746748799999
2025-05-09,164.46000000,176.15000000,161.07000000,172.78000000,6318574.64900000,1746835199999
2025-05-10,172.77000000,178.98000000,168.72000000,177.89000000,3339701.17900000,1746921599999
2025-05-11,177.89000000,180.26000000,169.35000000,173.19000000,3210729.52000000,1747007999999
2025-05-12,173.20000000,181.46000000,168.31000000,174.22000000,6245732.97700000,1747094399999
2025-05-13,174.22000000,184.83000000,166.18000000,183.75000000,4587043.39800000,1747180799999
2025-05-14,183.75000000,184.88000000,173.23000000,176.64000000,3619155.25300000,1747267199999
2025-05-15,176.63000000,178.33000000,166.70000000,169.16000000,3546037.72400000,1747353599999
2025-05-16,169.16000000,174.21000000,166.36000000,167.40000000,2766386.67100000,1747439999999
2025-05-17,167.40000000,169.99000000,164.01000000,165.94000000,2262121.70600000,1747526399999
2025-05-18,165.94000000,176.77000000,164.54000000,173.30000000,3194610.93600000,1747612799999
2025-05-19,173.30000000,173.94000000,159.44000000,166.86000000,4076352.74400000,1747699199999
2025-05-20,166.87000000,173.11000000,164.51000000,168.59000000,3135420.42600000,1747785599999
2025-05-21,168.59000000,175.99000000,165.51000000,173.53000000,4400610.40000000,1747871999999
2025-05-22,173.54000000,180.87000000,172.59000000,179.68000000,3608222.86200000,1747958399999
2025-05-23,179.68000000,187.71000000,173.23000000,174.01000000,6112910.77600000,1748044799999
2025-05-24,174.00000000,178.33000000,172.50000000,175.87000000,2317965.02100000,1748131199999
2025-05-25,175.87000000,176.88000000,169.14000000,175.74000000,2530363.85900000,1748217599999
2025-05-26,175.75000000,179.02000000,173.48000000,174.91000000,2214724.79600000,1748303999999
2025-05-27,174.92000000,179.41000000,171.24000000,176.71000000,2568509.36800000,1748390399999
2025-05-28,176.72000000,177.45000000,168.92000000,172.21000000,2534660.87700000,1748476799999
2025-05-29,172.22000000,175.34000000,165.96000000,166.71000000,2641789.96800000,1748563199999
2025-05-30,166.71000000,167.51000000,155.22000000,156.20000000,3770279.51200000,1748649599999
2025-05-31,156.20000000,158.01000000,152.14000000,156.45000000,2352257.75200000,1748735999999
2025-06-01,156.45000000,157.92000000,150.59000000,157.68000000,2042131.04100000,1748822399999
2025-06-02,157.68000000,158.93000000,151.67000000,156.83000000,2502052.19100000,1748908799999
2025-06-03,156.83000000,163.64000000,154.14000000,155.19000000,2849585.14500000,1748995199999
2025-06-04,155.19000000,157.97000000,152.94000000,153.26000000,1990646.42400000,1749081599999
2025-06-05,153.27000000,154.61000000,141.53000000,144.29000000,4258041.07500000,1749167999999
2025-06-06,144.28000000,152.39000000,144.11000000,147.83000000,2167791.11400000,1749254399999
2025-06-07,147.82000000,152.84000000,146.84000000,150.06000000,1408204.61500000,1749340799999
2025-06-08,150.07000000,155.30000000,147.88000000,152.45000000,1564000.36600000,1749427199999
2025-06-09,152.45000000,161.73000000,149.58000000,161.16000000,3079728.26500000,1749513599999
2025-06-10,161.16000000,165.67000000,156.32000000,165.12000000,3589559.16300000,1749599999999
2025-06-11,165.12000000,168.36000000,159.21000000,160.97000000,4019424.99900000,1749686399999
2025-06-12,160.98000000,161.28000000,152.02000000,152.32000000,2883476.68500000,1749772799999
2025-06-13,152.32000000,152.59000000,140.21000000,148.60000000,5339782.78300000,1749859199999
2025-06-14,148.60000000,148.70000000,141.97000000,144.64000000,1679994.75100000,1749945599999
2025-06-15,144.65000000,153.54000000,144.22000000,152.97000000,2831999.61600000,1750031999999
2025-06-16,152.97000000,158.80000000,150.30000000,150.72000000,3573196.78500000,1750118399999
2025-06-17,150.73000000,154.33000000,145.61000000,147.57000000,3395648.85900000,1750204799999
2025-06-18,147.58000000,149.28000000,143.65000000,146.34000000,2800908.98000000,1750291199999
2025-06-19,146.35000000,147.90000000,142.92000000,147.04000000,2285335.72900000,1750377599999
2025-06-20,147.04000000,148.81000000,135.69000000,140.11000000,3393327.20900000,1750463999999
2025-06-21,140.11000000,142.60000000,130.90000000,135.43000000,2826424.14300000,1750550399999
2025-06-22,135.43000000,137.62000000,126.00000000,131.71000000,4252120.02300000,1750636799999
2025-06-23,131.71000000,146.92000000,130.68000000,144.51000000,4573147.66700000,1750723199999
2025-06-24,144.51000000,146.77000000,142.31000000,145.92000000,2741809.08600000,1750809599999
2025-06-25,145.93000000,147.95000000,142.25000000,143.57000000,2233601.90900000,1750895999999
2025-06-26,143.57000000,148.00000000,138.62000000,139.06000000,2522507.94200000,1750982399999
2025-06-27,139.05000000,144.85000000,137.14000000,142.09000000,2471847.15000000,1751068799999
2025-06-28,142.09000000,152.70000000,141.13000000,150.72000000,2657836.68200000,1751155199999
2025-06-29,150.73000000,154.77000000,149.36000000,153.32000000,2150026.17200000,1751241599999
2025-06-30,153.32000000,159.99000000,149.45000000,154.81000000,3871390.33500000,1751327999999
2025-07-01,154.82000000,155.64000000,144.85000000,146.88000000,2770862.17400000,1751414399999
2025-07-02,146.87000000,154.47000000,145.85000000,152.27000000,2652574.27900000,1751500799999
2025-07-03,152.28000000,156.35000000,149.86000000,152.36000000,2686218.20500000,1751587199999
2025-07-04,152.35000000,153.88000000,145.22000000,147.70000000,2308086.73600000,1751673599999
2025-07-05,147.69000000,148.70000000,145.90000000,147.55000000,1173963.86000000,1751759999999
2025-07-06,147.55000000,153.89000000,146.78000000,151.86000000,2486859.71800000,1751846399999
2025-07-07,151.86000000,153.60000000,147.70000000,148.88000000,2174727.72300000,1751932799999
2025-07-08,148.89000000,152.88000000,147.85000000,151.67000000,2712869.32300000,1752019199999
2025-07-09,151.68000000,157.93000000,150.53000000,157.05000000,2907219.74800000,1752105599999
2025-07-10,157.06000000,165.43000000,155.64000000,164.34000000,3428382.34900000,1752191999999
2025-07-11,164.33000000,168.20000000,159.54000000,162.93000000,4354179.71300000,1752278399999
2025-07-12,162.92000000,163.90000000,157.74000000,160.69000000,2043211.94200000,1752364799999
2025-07-13,160.70000000,164.19000000,159.63000000,161.15000000,1929745.85100000,1752451199999
2025-07-14,161.15000000,168.65000000,160.61000000,162.21000000,3973706.53300000,1752537599999
2025-07-15,162.21000000,164.26000000,157.23000000,163.98000000,3665295.75300000,1752623999999
2025-07-16,163.98000000,176.00000000,161.51000000,173.63000000,5020288.12300000,1752710399999
2025-07-17,173.62000000,178.19000000,168.71000000,175.87000000,4491555.72700000,1752796799999
2025-07-18,175.88000000,184.67000000,173.24000000,177.28000000,5191853.16800000,1752883199999
2025-07-19,177.28000000,178.61000000,174.00000000,176.96000000,2059315.00800000,1752969599999
2025-07-20,176.97000000,183.66000000,176.33000000,181.43000000,3694854.91500000,1753055999999
2025-07-21,181.44000000,199.28000000,178.25000000,195.72000000,6495907.17900000,1753142399999
2025-07-22,195.72000000,206.30000000,193.75000000,205.70000000,8635627.17300000,1753228799999
2025-07-23,205.70000000,205.75000000,183.97000000,189.40000000,5548137.49900000,1753315199999
2025-07-24,189.40000000,191.87000000,179.21000000,182.87000000,5217064.87100000,1753401599999
2025-07-25,182.88000000,186.85000000,175.63000000,186.76000000,4481310.44000000,1753487999999
2025-07-26,186.75000000,189.78000000,184.29000000,184.88000000,1773453.87500000,1753574399999
2025-07-27,184.89000000,190.70000000,184.53000000,188.64000000,2233060.13300000,1753660799999
2025-07-28,188.64000000,195.26000000,182.16000000,183.11000000,4067872.12700000,1753747199999
2025-07-29,183.10000000,186.68000000,178.30000000,181.48000000,2541912.03600000,1753833599999
2025-07-30,181.47000000,182.56000000,170.29000000,177.77000000,3297250.18700000,1753919999999
2025-07-31,177.77000000,182.70000000,171.44000000,172.22000000,2624841.78300000,1754006399999
2025-08-01,172.22000000,172.26000000,159.20000000,162.71000000,4317529.31500000,1754092799999
2025-08-02,162.71000000,165.30000000,155.83000000,158.48000000,2208175.07500000,1754179199999
2025-08-03,158.49000000,163.14000000,156.28000000,161.97000000,2297909.31100000,1754265599999
2025-08-04,161.98000000,169.80000000,161.26000000,169.55000000,2688954.15800000,1754351999999
2025-08-05,169.55000000,171.73000000,161.30000000,164.09000000,2554958.00900000,1754438399999
2025-08-06,164.09000000,169.93000000,161.13000000,168.09000000,1797491.42900000,1754524799999
2025-08-07,168.10000000,175.51000000,166.70000000,175.36000000,3014662.99500000,1754611199999
2025-08-08,175.37000000,179.66000000,173.43000000,176.78000000,3678790.65500000,1754697599999
2025-08-09,176.79000000,183.45000000,176.64000000,179.95000000,3325504.38700000,1754783999999
2025-08-10,179.96000000,186.18000000,177.51000000,182.66000000,4197287.28700000,1754870399999
2025-08-11,182.67000000,186.80000000,173.43000000,174.84000000,3960743.53100000,1754956799999
2025-08-12,174.83000000,193.76000000,173.60000000,191.78000000,5074348.15700000,1755043199999
2025-08-13,191.77000000,204.96000000,191.48000000,201.51000000,7148726.27900000,1755129599999
2025-08-14,201.51000000,209.86000000,186.68000000,192.47000000,8965607.31400000,1755215999999
2025-08-15,192.46000000,198.07000000,183.30000000,185.72000000,4360287.39600000,1755302399999
2025-08-16,185.71000000,190.06000000,185.20000000,189.60000000,2099818.44800000,1755388799999
2025-08-17,189.61000000,195.89000000,187.35000000,190.99000000,2261555.55600000,1755475199999
2025-08-18,191.00000000,191.33000000,180.00000000,182.94000000,3374074.69700000,1755561599999
2025-08-19,182.94000000,185.87000000,175.69000000,176.22000000,3260089.95900000,1755647999999
2025-08-20,176.22000000,187.97000000,176.04000000,187.94000000,3464957.67400000,1755734399999
2025-08-21,187.95000000,190.10000000,179.43000000,180.29000000,2914511.60300000,1755820799999
2025-08-22,180.30000000,202.40000000,177.27000000,200.69000000,6594118.38900000,1755907199999
2025-08-23,200.69000000,208.62000000,195.26000000,204.14000000,4788640.75900000,1755993599999
2025-08-24,204.15000000,211.99000000,201.09000000,205.98000000,7165649.23800000,1756079999999
2025-08-25,205.99000000,213.60000000,185.33000000,187.20000000,7953100.75300000,1756166399999
2025-08-26,187.19000000,198.10000000,185.58000000,195.86000000,4734419.52200000,1756252799999
2025-08-27,195.85000000,212.08000000,193.78000000,202.95000000,7835140.15400000,1756339199999
2025-08-28,202.95000000,216.89000000,201.72000000,214.43000000,7247306.54600000,1756425599999
2025-08-29,214.43000000,218.00000000,199.85000000,205.08000000,8607486.59700000,1756511999999
2025-08-30,205.09000000,207.06000000,197.52000000,202.70000000,3894576.11500000,1756598399999
2025-08-31,202.70000000,206.66000000,200.28000000,200.62000000,3303223.94800000,1756684799999
2025-09-01,200.62000000,204.58000000,194.19000000,197.32000000,4464767.77300000,1756771199999
2025-09-02,197.32000000,209.68000000,196.77000000,209.65000000,4894637.54900000,1756857599999
2025-09-03,209.64000000,213.02000000,207.42000000,210.77000000,4063191.68300000,1756943999999
2025-09-04,210.77000000,211.94000000,201.84000000,202.32000000,2726779.27700000,1757030399999
2025-09-05,202.32000000,210.00000000,200.95000000,203.36000000,4121395.25500000,1757116799999
2025-09-06,203.37000000,204.68000000,199.32000000,200.16000000,1481500.99700000,1757203199999
2025-09-07,200.17000000,207.95000000,200.12000000,206.35000000,2217510.76300000,1757289599999
2025-09-08,206.35000000,217.11000000,205.59000000,214.11000000,5729678.93500000,1757375999999
2025-09-09,214.11000000,219.79000000,210.79000000,217.21000000,4979304.71300000,1757462399999
2025-09-10,217.22000000,226.00000000,215.09000000,224.07000000,4824185.21200000,1757548799999
2025-09-11,224.06000000,228.95000000,221.72000000,228.73000000,4352357.00100000,1757635199999
2025-09-12,228.73000000,244.04000000,228.11000000,242.18000000,5891653.93100000,1757721599999
2025-09-13,242.18000000,244.14000000,235.73000000,242.38000000,3305661.26500000,1757807999999
2025-09-14,242.38000000,249.60000000,239.23000000,239.76000000,4165171.12800000,1757894399999
2025-09-15,239.75000000,244.00000000,230.15000000,234.31000000,4733589.61900000,1757980799999
2025-09-16,234.32000000,240.95000000,231.26000000,236.96000000,3181627.06000000,1758067199999
2025-09-17,236.96000000,246.62000000,232.23000000,244.84000000,4771529.49300000,1758153599999
2025-09-18,244.84000000,253.51000000,242.58000000,247.50000000,3916890.90800000,1758239999999
2025-09-19,247.50000000,248.57000000,235.12000000,238.53000000,3384985.69800000,1758326399999
2025-09-20,238.53000000,241.22000000,236.91000000,239.48000000,1550489.21500000,1758412799999
2025-09-21,239.48000000,241.82000000,235.32000000,236.16000000,1392437.97600000,1758499199999
2025-09-22,236.16000000,236.96000000,214.50000000,220.38000000,5836593.70300000,1758585599999
2025-09-23,220.39000000,221.71000000,212.34000000,213.30000000,3448908.46800000,1758671999999
2025-09-24,213.29000000,216.45000000,204.81000000,211.60000000,4427457.52600000,1758758399999
2025-09-25,211.61000000,212.44000000,191.32000000,192.74000000,6761257.29100000,1758844799999
2025-09-26,192.73000000,205.52000000,190.80000000,205.17000000,5623202.87400000,1758931199999
2025-09-27,205.16000000,205.43000000,199.88000000,203.46000000,2104933.41500000,1759017599999
2025-09-28,203.47000000,211.00000000,198.00000000,210.83000000,2194260.07400000,1759103999999
2025-09-29,210.83000000,214.74000000,204.58000000,212.75000000,3213098.85100000,1759190399999
2025-09-30,212.74000000,213.67000000,204.29000000,208.68000000,3264781.48500000,1759276799999
2025-10-01,208.68000000,222.77000000,206.31000000,222.04000000,4050260.92100000,1759363199999
2025-10-02,222.04000000,234.99000000,219.52000000,234.74000000,4590696.38800000,1759449599999
2025-10-03,234.74000000,237.00000000,227.13000000,232.84000000,4216611.61400000,1759535999999
2025-10-04,232.84000000,234.05000000,224.07000000,227.86000000,1841410.60500000,1759622399999
2025-10-05,227.86000000,237.22000000,226.45000000,228.56000000,3099633.52600000,1759708799999
2025-10-06,228.56000000,237.79000000,227.55000000,232.35000000,2981928.37500000,1759795199999
2025-10-07,232.35000000,235.21000000,219.70000000,219.97000000,4401045.75700000,1759881599999
2025-10-08,219.98000000,229.72000000,217.30000000,229.02000000,3103760.64500000,1759967999999
2025-10-09,229.03000000,229.69000000,216.53000000,220.93000000,3272953.43100000,1760054399999
2025-10-10,220.93000000,224.46000000,168.79000000,188.43000000,9622835.42900000,1760140799999
2025-10-11,188.43000000,191.05000000,172.58000000,177.62000000,7292387.24800000,1760227199999
2025-10-12,177.63000000,199.00000000,173.00000000,197.00000000,6486999.72100000,1760313599999
2025-10-13,196.99000000,209.28000000,190.02000000,208.69000000,6253161.51100000,1760399999999
2025-10-14,208.69000000,211.25000000,191.03000000,202.44000000,7349167.87500000,1760486399999
2025-10-15,202.45000000,208.91000000,192.04000000,193.84000000,5369155.43900000,1760572799999
2025-10-16,193.84000000,198.42000000,182.03000000,184.85000000,5404640.66300000,1760659199999
2025-10-17,184.84000000,187.55000000,174.06000000,181.96000000,6102908.87700000,1760745599999
2025-10-18,181.97000000,188.26000000,181.75000000,187.56000000,2105841.09500000,1760831999999
2025-10-19,187.55000000,192.29000000,183.19000000,187.86000000,2483964.60000000,1760918399999
2025-10-20,187.86000000,194.50000000,183.82000000,189.71000000,3178001.49900000,1761004799999
2025-10-21,189.71000000,197.71000000,182.72000000,185.63000000,4651082.62100000,1761091199999
2025-10-22,185.62000000,187.45000000,177.04000000,180.12000000,3977004.71500000,1761177599999
2025-10-23,180.13000000,193.45000000,179.68000000,191.35000000,3501959.11500000,1761263999999
2025-10-24,191.36000000,197.00000000,188.83000000,193.59000000,3356762.62600000,1761350399999
2025-10-25,193.58000000,195.25000000,191.19000000,193.84000000,1626838.93800000,1761436799999
2025-10-26,193.84000000,202.43000000,191.90000000,200.03000000,2577750.13000000,1761523199999
2025-10-27,200.03000000,205.33000000,197.34000000,198.70000000,3515609.38700000,1761609599999
2025-10-28,198.71000000,203.99000000,190.22000000,194.15000000,4329169.96100000,1761695999999
2025-10-29,194.16000000,201.70000000,189.37000000,193.88000000,4620887.82900000,1761782399999
2025-10-30,193.89000000,198.19000000,178.65000000,184.69000000,5054538.26300000,1761868799999
2025-10-31,184.69000000,190.26000000,183.70000000,187.21000000,3193393.84000000,1761955199999
2025-11-01,187.21000000,187.55000000,183.79000000,186.35000000,1484505.22000000,1762041599999
2025-11-02,186.35000000,188.34000000,182.00000000,187.71000000,1761297.55700000,1762127999999
2025-11-03,187.71000000,189.13000000,163.15000000,166.06000000,7327613.06300000,1762214399999
2025-11-04,166.06000000,168.42000000,145.85000000,155.03000000,8288577.56500000,1762300799999
2025-11-05,155.04000000,163.97000000,147.29000000,162.37000000,4650531.68800000,1762387199999
2025-11-06,162.37000000,162.91000000,153.45000000,155.28000000,3576753.32700000,1762473599999
2025-11-07,155.27000000,164.48000000,149.82000000,161.79000000,4213077.97200000,1762559999999
2025-11-08,161.80000000,164.89000000,155.80000000,158.02000000,2502927.24000000,1762646399999
2025-11-09,158.01000000,166.57000000,155.11000000,164.53000000,3231789.57500000,1762732799999
2025-11-10,164.53000000,170.48000000,163.42000000,167.31000000,3628961.12600000,1762819199999
2025-11-11,167.31000000,171.94000000,153.93000000,154.63000000,4702104.21300000,1762905599999
2025-11-12,154.63000000,161.14000000,151.20000000,153.42000000,4139205.46700000,1762991999999
2025-11-13,153.43000000,157.20000000,141.04000000,144.73000000,5418189.69700000,1763078399999
2025-11-14,144.74000000,145.68000000,135.76000000,138.92000000,6176425.14700000,1763164799999
2025-11-15,138.93000000,144.69000000,138.61000000,139.61000000,2351478.02200000,1763251199999
2025-11-16,139.60000000,143.38000000,134.42000000,137.17000000,3385434.28400000,1763337599999
2025-11-17,137.17000000,143.28000000,128.82000000,130.99000000,5624720.77500000,1763423999999
2025-11-18,131.00000000,142.17000000,129.00000000,140.69000000,5528848.81000000,1763510399999
2025-11-19,140.68000000,142.84000000,130.53000000,137.06000000,4268467.04400000,1763596799999
2025-11-20,137.06000000,144.80000000,131.11000000,133.67000000,7048254.22400000,1763683199999
2025-11-21,133.67000000,135.06000000,121.66000000,128.68000000,8285885.69300000,1763769599999
2025-11-22,128.69000000,129.94000000,125.08000000,127.59000000,2612487.85900000,1763855999999
2025-11-23,127.60000000,133.54000000,127.56000000,130.58000000,2818715.19000000,1763942399999
2025-11-24,130.58000000,139.87000000,128.44000000,138.44000000,4744857.04600000,1764028799999
2025-11-25,138.43000000,140.50000000,133.13000000,138.96000000,2994819.85300000,1764115199999
2025-11-26,138.96000000,144.75000000,135.50000000,143.02000000,4021862.67000000,1764201599999
2025-11-27,143.01000000,144.29000000,140.47000000,140.85000000,2331673.18900000,1764287999999
2025-11-28,140.85000000,143.60000000,136.01000000,137.33000000,3502510.03100000,1764374399999
2025-11-29,137.33000000,138.10000000,134.76000000,135.91000000,1859321.17100000,1764460799999
2025-11-30,135.92000000,140.19000000,133.26000000,133.48000000,2608165.32900000,1764547199999
2025-12-01,133.48000000,133.74000000,123.11000000,126.66000000,5007504.05700000,1764633599999
2025-12-02,126.66000000,140.88000000,126.01000000,138.68000000,5022856.74700000,1764719999999
2025-12-03,138.67000000,146.08000000,137.76000000,144.67000000,3954144.80500000,1764806399999
2025-12-04,144.67000000,146.91000000,137.80000000,139.01000000,2694242.24100000,1764892799999
2025-12-05,139.01000000,140.75000000,130.73000000,133.29000000,3367359.14300000,1764979199999
2025-12-06,133.29000000,134.13000000,131.28000000,132.19000000,1341595.43100000,1765065599999
2025-12-07,132.20000000,136.35000000,127.70000000,132.24000000,3131804.49100000,1765151999999
2025-12-08,132.25000000,139.36000000,131.52000000,133.25000000,3245115.42600000,1765238399999
2025-12-09,133.24000000,144.93000000,131.62000000,137.88000000,4508522.03400000,1765324799999
2025-12-10,137.87000000,142.57000000,135.39000000,136.26000000,4520230.27600000,1765411199999
2025-12-11,136.26000000,137.79000000,129.00000000,136.41000000,4377697.03600000,1765497599999
2025-12-12,136.41000000,140.12000000,130.35000000,132.27000000,4005608.26200000,1765583999999
2025-12-13,132.28000000,134.28000000,131.60000000,133.14000000,1472483.73500000,1765670399999
2025-12-14,133.13000000,133.66000000,127.98000000,129.40000000,1731614.63700000,1765756799999
2025-12-15,129.39000000,135.43000000,123.63000000,127.81000000,3922431.00000000,1765843199999
2025-12-16,127.81000000,130.14000000,124.87000000,129.15000000,2884783.99800000,1765929599999
2025-12-17,129.15000000,133.99000000,121.36000000,123.27000000,4525580.21600000,1766015999999
2025-12-18,123.28000000,129.05000000,116.88000000,119.60000000,4790795.00800000,1766102399999
2025-12-19,119.60000000,127.87000000,117.61000000,126.27000000,4090548.59200000,1766188799999
2025-12-20,126.27000000,126.89000000,125.30000000,125.81000000,1229353.58600000,1766275199999
2025-12-21,125.80000000,126.62000000,123.40000000,126.03000000,1812103.18900000,1766361599999
2025-12-22,126.03000000,128.78000000,124.20000000,125.93000000,2667589.14600000,1766447999999
2025-12-23,125.93000000,126.93000000,122.16000000,124.01000000,2440030.87200000,1766534399999
2025-12-24,124.02000000,124.30000000,120.63000000,122.53000000,1605450.49800000,1766620799999
2025-12-25,122.52000000,124.46000000,119.71000000,120.06000000,1818325.14800000,1766707199999
2025-12-26,120.05000000,125.14000000,119.24000000,122.26000000,3326516.56200000,1766793599999
2025-12-27,122.27000000,125.08000000,121.86000000,124.73000000,1357802.11200000,1766879999999
2025-12-28,124.74000000,125.64000000,123.08000000,125.27000000,1828960.45100000,1766966399999
2025-12-29,125.27000000,130.16000000,122.36000000,123.28000000,4307595.10500000,1767052799999
2025-12-30,123.28000000,126.52000000,122.58000000,125.01000000,2480631.51600000,1767139199999
2025-12-31,125.02000000,132.75000000,122.99000000,124.65000000,2941643.65800000,1767225599999
2026-01-01,124.64000000,127.25000000,124.15000000,126.90000000,1733664.97800000,1767311999999
2026-01-02,126.91000000,133.25000000,125.84000000,132.29000000,2924227.37200000,1767398399999
2026-01-03,132.28000000,133.99000000,129.60000000,133.37000000,1520623.49900000,1767484799999
2026-01-04,133.37000000,135.54000000,133.12000000,134.12000000,1809269.11300000,1767571199999
2026-01-05,134.12000000,139.87000000,133.18000000,137.90000000,3327567.48400000,1767657599999
2026-01-06,137.91000000,143.48000000,136.19000000,141.08000000,3771795.11700000,1767743999999
2026-01-07,141.08000000,141.40000000,134.41000000,136.39000000,2321642.17800000,1767830399999
2026-01-08,136.39000000,140.07000000,132.67000000,138.37000000,3113437.83500000,1767916799999
2026-01-09,138.37000000,141.17000000,134.98000000,135.97000000,3778547.99600000,1768003199999
2026-01-10,135.96000000,137.05000000,135.37000000,135.84000000,1000837.00400000,1768089599999
2026-01-11,135.85000000,141.60000000,135.75000000,139.70000000,2209913.20600000,1768175999999
2026-01-12,139.69000000,144.40000000,138.34000000,139.22000000,4160120.09100000,1768262399999
2026-01-13,139.21000000,148.74000000,137.82000000,145.51000000,4195082.46800000,1768348799999
2026-01-14,145.52000000,148.44000000,143.37000000,146.69000000,3695077.37800000,1768435199999
2026-01-15,146.70000000,146.73000000,140.90000000,142.40000000,2462143.13900000,1768521599999
2026-01-16,142.41000000,145.55000000,140.26000000,144.89000000,1900879.02600000,1768607999999
2026-01-17,144.90000000,144.99000000,143.32000000,143.72000000,835154.76100000,1768694399999
2026-01-18,143.73000000,144.00000000,137.74000000,137.87000000,1877438.69800000,1768780799999
2026-01-19,137.87000000,137.87000000,130.00000000,133.44000000,2972524.77000000,1768867199999
2026-01-20,133.44000000,134.63000000,124.68000000,125.80000000,3532423.88000000,1768953599999
2026-01-21,125.81000000,132.17000000,125.26000000,129.54000000,3161736.36000000,1769039999999
2026-01-22,129.53000000,130.94000000,126.73000000,128.47000000,1811586.46200000,1769126399999
2026-01-23,128.47000000,130.20000000,125.28000000,127.43000000,2044063.07700000,1769212799999
2026-01-24,127.43000000,128.12000000,126.64000000,127.21000000,807419.99500000,1769299199999
2026-01-25,127.22000000,127.46000000,117.15000000,118.85000000,4540879.44900000,1769385599999
2026-01-26,118.85000000,125.60000000,118.53000000,124.24000000,2355751.36300000,1769471999999
2026-01-27,124.24000000,127.84000000,123.12000000,127.19000000,2036509.04200000,1769558399999
2026-01-28,127.18000000,128.34000000,124.78000000,125.35000000,1997863.52800000,1769644799999
2026-01-29,125.34000000,125.51000000,115.39000000,117.82000000,3730613.47300000,1769731199999
2026-01-30,117.82000000,119.12000000,112.14000000,117.59000000,4761006.74200000,1769817599999
2026-01-31,117.60000000,118.85000000,96.40000000,105.58000000,8567398.32600000,1769903999999
2026-02-01,105.58000000,106.69000000,98.02000000,100.79000000,4204256.05100000,1769990399999
2026-02-02,100.78000000,106.12000000,95.95000000,104.55000000,5574032.68100000,1770076799999
2026-02-03,104.54000000,105.10000000,96.64000000,97.89000000,4514018.11500000,1770163199999
2026-02-04,97.89000000,99.67000000,89.30000000,92.12000000,6251459.37100000,1770249599999
2026-02-05,92.11000000,93.43000000,77.60000000,78.35000000,10243355.48000000,1770335999999
2026-02-06,78.34000000,89.84000000,67.50000000,87.46000000,11811095.76600000,1770422399999
2026-02-07,87.45000000,89.20000000,84.16000000,87.59000000,4486649.48000000,1770508799999
2026-02-08,87.59000000,89.08000000,85.77000000,86.99000000,2534998.68300000,1770595199999
2026-02-09,86.99000000,88.69000000,82.86000000,86.77000000,3667652.41600000,1770681599999
2026-02-10,86.77000000,87.49000000,81.91000000,82.99000000,2975212.10500000,1770767999999
2026-02-11,82.99000000,84.39000000,78.04000000,79.30000000,3814913.32000000,1770854399999
2026-02-12,79.31000000,82.25000000,76.60000000,78.40000000,3196230.11700000,1770940799999
2026-02-13,78.39000000,85.63000000,77.53000000,84.33000000,3370390.27200000,1771027199999
2026-02-14,84.34000000,88.90000000,84.21000000,88.06000000,2698607.21500000,1771113599999
2026-02-15,88.06000000,91.26000000,84.89000000,86.16000000,3929085.40000000,1771199999999
2026-02-16,86.15000000,86.93000000,82.55000000,86.45000000,3559751.81100000,1771286399999
2026-02-17,86.45000000,87.69000000,82.92000000,85.08000000,2774655.86500000,1771372799999
2026-02-18,85.09000000,86.09000000,80.48000000,81.61000000,3137603.97000000,1771459199999
2026-02-19,81.61000000,82.67000000,79.61000000,82.50000000,2848277.49000000,1771545599999
2026-02-20,82.50000000,85.49000000,81.77000000,84.67000000,3754556.75900000,1771631999999
2026-02-21,84.68000000,86.72000000,83.97000000,85.17000000,1780748.86200000,1771718399999
2026-02-22,85.17000000,85.60000000,82.48000000,82.79000000,1798852.59600000,1771804799999
2026-02-23,82.80000000,82.85000000,77.15000000,77.90000000,5163373.38300000,1771891199999
2026-02-24,77.91000000,79.62000000,75.63000000,78.99000000,3592828.37600000,1771977599999
2026-02-25,78.99000000,92.10000000,78.73000000,88.06000000,5632749.41500000,1772063999999
2026-02-26,88.05000000,89.27000000,84.34000000,85.91000000,3356890.97900000,1772150399999
2026-02-27,85.91000000,88.29000000,80.32000000,81.85000000,3370499.35900000,1772236799999
2026-02-28,81.84000000,85.65000000,77.12000000,84.35000000,4737699.87900000,1772323199999
2026-03-01,84.35000000,88.90000000,81.69000000,83.60000000,4435194.22200000,1772409599999
2026-03-02,83.61000000,90.29000000,82.37000000,86.64000000,5123433.26000000,1772495999999
2026-03-03,86.65000000,87.46000000,82.50000000,86.97000000,4136742.74500000,1772582399999
2026-03-04,86.98000000,94.05000000,84.78000000,90.85000000,6329931.38300000,1772668799999
2026-03-05,90.86000000,92.96000000,87.91000000,88.77000000,3753710.60800000,1772755199999
2026-03-06,88.78000000,89.31000000,83.64000000,84.70000000,3135324.64200000,1772841599999
2026-03-07,84.69000000,85.07000000,82.28000000,83.22000000,1465281.72100000,1772927999999
2026-03-08,83.22000000,84.13000000,80.26000000,81.59000000,2102965.68700000,1773014399999
2026-03-09,81.60000000,87.06000000,81.54000000,84.96000000,3594057.28900000,1773100799999
2026-03-10,84.95000000,88.80000000,84.83000000,85.88000000,3643895.13400000,1773187199999
2026-03-11,85.88000000,88.09000000,84.36000000,86.58000000,3182175.73900000,1773273599999
2026-03-12,86.58000000,87.69000000,84.72000000,86.84000000,2913681.14800000,1773359999999
2026-03-13,86.83000000,92.98000000,86.71000000,88.18000000,4940378.61700000,1773446399999
2026-03-14,88.17000000,88.71000000,86.51000000,88.03000000,1498143.03900000,1773532799999
2026-03-15,88.04000000,93.23000000,87.36000000,92.30000000,2614547.10500000,1773619199999
2026-03-16,92.31000000,97.68000000,91.18000000,96.20000000,5621650.62100000,1773705599999
2026-03-17,96.19000000,96.95000000,93.15000000,94.62000000,2833557.58600000,1773791999999
2026-03-18,94.61000000,95.65000000,88.55000000,90.08000000,3293861.55800000,1773878399999
2026-03-19,90.07000000,91.41000000,87.00000000,88.89000000,2609542.92400000,1773964799999
2026-03-20,88.90000000,90.45000000,88.13000000,89.84000000,2201411.53800000,1774051199999
2026-03-21,89.85000000,90.81000000,87.14000000,87.56000000,1241845.22500000,1774137599999
2026-03-22,87.55000000,89.20000000,85.14000000,86.20000000,2138087.13100000,1774223999999
2026-03-23,86.21000000,92.26000000,85.11000000,91.43000000,4561706.38800000,1774310399999
2026-03-24,91.44000000,92.22000000,88.42000000,90.80000000,3086042.52600000,1774396799999
2026-03-25,90.80000000,93.47000000,90.71000000,91.70000000,2652534.79800000,1774483199999
2026-03-26,91.70000000,91.98000000,85.45000000,86.53000000,3566192.73600000,1774569599999
2026-03-27,86.52000000,87.04000000,81.86000000,83.11000000,2840562.07000000,1774655999999
2026-03-28,83.11000000,84.29000000,81.69000000,82.09000000,1667010.09900000,1774742399999
2026-03-29,82.09000000,83.24000000,78.96000000,81.44000000,1624673.47500000,1774828799999
2026-03-30,81.45000000,84.99000000,81.15000000,82.54000000,3025854.68700000,1774915199999
2026-03-31,82.55000000,84.62000000,80.08000000,83.20000000,4272567.42600000,1775001599999
2026-04-01,83.19000000,86.65000000,80.77000000,81.18000000,4676736.12000000,1775087999999
2026-04-02,81.19000000,81.77000000,76.70000000,78.94000000,4210024.26300000,1775174399999
2026-04-03,78.95000000,80.91000000,78.85000000,80.40000000,2230839.74000000,1775260799999
2026-04-04,80.39000000,81.61000000,79.57000000,80.83000000,1562930.76700000,1775347199999
2026-04-05,80.84000000,82.13000000,78.52000000,81.89000000,1732438.55800000,1775433599999
2026-04-06,81.89000000,83.20000000,79.60000000,80.03000000,2730370.56400000,1775519999999
2026-04-07,80.03000000,87.02000000,78.38000000,85.56000000,4312598.52000000,1775606399999
2026-04-08,85.56000000,85.90000000,82.24000000,82.57000000,2952758.54800000,1775692799999
2026-04-09,82.56000000,85.95000000,81.40000000,83.33000000,2775927.62900000,1775779199999
2026-04-10,83.33000000,85.67000000,82.62000000,84.83000000,2186078.34300000,1775865599999
2026-04-11,84.83000000,86.26000000,83.80000000,84.93000000,1570901.88300000,1775951999999
2026-04-12,84.94000000,85.00000000,81.27000000,81.53000000,2174791.86600000,1776038399999
2026-04-13,81.54000000,86.81000000,81.40000000,86.51000000,2950390.41500000,1776124799999
2026-04-14,86.51000000,87.67000000,83.30000000,83.72000000,3532984.69200000,1776211199999
2026-04-15,83.72000000,85.83000000,82.65000000,84.90000000,2602448.59300000,1776297599999
2026-04-16,84.90000000,90.53000000,83.80000000,89.05000000,3940291.34100000,1776383999999
2026-04-17,89.06000000,90.73000000,87.34000000,88.76000000,4237208.38800000,1776470399999
2026-04-18,88.77000000,89.16000000,85.78000000,86.16000000,1893190.54300000,1776556799999
2026-04-19,86.15000000,87.12000000,82.94000000,83.47000000,2594849.06500000,1776643199999
2026-04-20,83.47000000,86.22000000,83.34000000,85.28000000,2300346.75000000,1776729599999
2026-04-21,85.29000000,86.89000000,84.31000000,86.03000000,2111587.26900000,1776815999999
2026-04-22,86.04000000,89.32000000,86.01000000,86.87000000,3154871.83500000,1776902399999
2026-04-23,86.86000000,87.18000000,84.48000000,86.12000000,2894663.23900000,1776988799999
2026-04-24,86.12000000,86.94000000,84.92000000,86.18000000,1818574.66300000,1777075199999
2026-04-25,86.18000000,86.80000000,85.53000000,86.18000000,1033932.43600000,1777161599999
2026-04-26,86.19000000,87.32000000,85.84000000,86.93000000,1453501.45200000,1777247999999
2026-04-27,86.93000000,88.08000000,83.63000000,84.82000000,3009101.69100000,1777334399999
2026-04-28,84.82000000,84.93000000,82.98000000,84.06000000,1664394.44300000,1777420799999
2026-04-29,84.06000000,85.56000000,81.40000000,83.04000000,2576063.59600000,1777507199999
2026-04-30,83.05000000,84.01000000,82.16000000,83.09000000,1372591.61100000,1777593599999
2026-05-01,83.09000000,84.86000000,83.08000000,83.76000000,1798067.95900000,1777679999999
2026-05-02,83.76000000,84.97000000,83.44000000,84.26000000,1027759.49900000,1777766399999
2026-05-03,84.26000000,84.97000000,83.58000000,83.91000000,1268647.52200000,1777852799999
2026-05-04,83.91000000,85.90000000,83.23000000,84.10000000,3469307.21800000,1777939199999
2026-05-05,84.11000000,86.98000000,84.04000000,86.29000000,2478888.12600000,1778025599999
2026-05-06,86.29000000,90.03000000,86.10000000,89.16000000,3483256.03000000,1778111999999
2026-05-07,89.16000000,90.44000000,87.63000000,88.42000000,2892180.50100000,1778198399999
2026-05-08,88.43000000,92.80000000,87.60000000,92.01000000,2644434.85900000,1778284799999
2026-05-09,92.02000000,94.17000000,91.85000000,93.13000000,1974272.69600000,1778371199999
2026-05-10,93.12000000,97.00000000,92.60000000,96.47000000,2559168.99500000,1778457599999
2026-05-11,96.46000000,98.41000000,94.30000000,97.37000000,3078049.96500000,1778543999999
2026-05-12,97.37000000,97.68000000,93.55000000,94.28000000,2810037.35900000,1778630399999
2026-05-13,94.28000000,95.99000000,90.27000000,91.17000000,3192571.80200000,1778716799999
2026-05-14,91.17000000,93.68000000,89.82000000,92.15000000,2709125.80800000,1778803199999
2026-05-15,92.16000000,92.66000000,88.55000000,89.24000000,2675843.63100000,1778889599999
2026-05-16,89.23000000,89.44000000,85.52000000,86.54000000,1963021.59400000,1778975999999
2026-05-17,86.53000000,87.29000000,83.50000000,85.24000000,1914165.24400000,1779062399999
2026-05-18,85.23000000,85.80000000,83.50000000,85.38000000,2771861.34400000,1779148799999
2026-05-19,85.38000000,85.97000000,83.70000000,84.29000000,1662986.21600000,1779235199999
2026-05-20,84.30000000,87.09000000,83.85000000,86.17000000,2365152.43800000,1779321599999
2026-05-21,86.17000000,88.00000000,85.32000000,87.36000000,2654321.90000000,1779407999999
2026-05-22,87.35000000,87.85000000,84.00000000,84.40000000,2208484.66300000,1779494399999
2026-05-23,84.40000000,87.50000000,81.50000000,85.75000000,2973101.71100000,1779580799999
2026-05-24,85.76000000,87.00000000,83.70000000,85.27000000,2086657.40300000,1779667199999
2026-05-25,85.27000000,86.52000000,84.71000000,85.06000000,1562235.46500000,1779753599999
2026-05-26,85.06000000,86.13000000,83.15000000,83.72000000,2358777.43000000,1779839999999
2026-05-27,83.73000000,84.84000000,82.10000000,82.44000000,2119456.36300000,1779926399999
2026-05-28,82.43000000,83.01000000,80.00000000,82.11000000,2306915.48000000,1780012799999
2026-05-29,82.12000000,83.24000000,80.35000000,82.04000000,2064277.64600000,1780099199999
2026-05-30,82.04000000,83.17000000,81.86000000,82.73000000,1018490.24400000,1780185599999
2026-05-31,82.74000000,83.42000000,81.33000000,82.44000000,993880.66600000,1780271999999
2026-06-01,82.45000000,83.10000000,79.11000000,81.28000000,2309147.39600000,1780358399999
2026-06-02,81.28000000,81.30000000,72.73000000,74.23000000,3642536.91700000,1780444799999
2026-06-03,74.23000000,75.71000000,70.93000000,71.61000000,3655245.68000000,1780531199999
2026-06-04,71.61000000,72.09000000,66.80000000,68.88000000,4928249.49000000,1780617599999
2026-06-05,68.87000000,69.10000000,61.48000000,63.64000000,7041593.48800000,1780703999999
2026-06-06,63.64000000,64.86000000,60.13000000,62.20000000,3570841.05600000,1780790399999
2026-06-07,62.21000000,67.92000000,61.96000000,66.50000000,2941571.37300000,1780876799999
2026-06-08,66.50000000,68.17000000,64.98000000,66.82000000,3058995.36700000,1780963199999
2026-06-09,66.82000000,67.47000000,63.54000000,64.96000000,3082150.31100000,1781049599999
2026-06-10,64.97000000,65.77000000,62.34000000,63.19000000,2937917.56100000,1781135999999
2026-06-11,63.19000000,67.42000000,63.19000000,66.93000000,2881561.03100000,1781222399999
2026-06-12,66.93000000,68.82000000,65.95000000,66.82000000,2839586.68300000,1781308799999
2026-06-13,66.83000000,69.59000000,66.59000000,68.94000000,1525014.50000000,1781395199999
2026-06-14,68.94000000,71.29000000,66.94000000,71.28000000,1851821.93100000,1781481599999
2026-06-15,71.29000000,76.09000000,70.66000000,73.98000000,3102777.46800000,1781567999999
2026-06-16,73.99000000,75.65000000,72.29000000,73.52000000,2185905.59500000,1781654399999
2026-06-17,73.53000000,74.69000000,70.83000000,72.05000000,2443239.39100000,1781740799999
2026-06-18,72.05000000,72.68000000,68.23000000,69.71000000,2263712.32900000,1781827199999
2026-06-19,69.72000000,70.09000000,67.92000000,69.74000000,1884570.86800000,1781913599999
2026-06-20,69.73000000,74.30000000,69.48000000,73.22000000,2267614.62700000,1781999999999
2026-06-21,73.22000000,74.68000000,72.31000000,72.46000000,2122685.61800000,1782086399999
2026-06-22,72.47000000,75.00000000,71.37000000,71.95000000,2567224.06700000,1782172799999
2026-06-23,71.95000000,72.06000000,68.16000000,69.71000000,2202519.28500000,1782259199999
2026-06-24,69.70000000,70.44000000,64.71000000,68.11000000,3368667.52900000,1782345599999
2026-06-25,68.12000000,69.66000000,64.04000000,67.72000000,3716901.28100000,1782431999999
2026-06-26,67.72000000,73.93000000,65.91000000,71.90000000,4422868.71600000,1782518399999
2026-06-27,71.90000000,73.19000000,70.25000000,70.50000000,1921832.56000000,1782604799999
2026-06-28,70.49000000,72.41000000,69.74000000,71.38000000,1709274.91800000,1782691199999
2026-06-29,71.39000000,76.49000000,70.35000000,75.16000000,3861722.10000000,1782777599999
2026-06-30,75.17000000,75.80000000,71.90000000,73.67000000,2668784.10300000,1782863999999
2026-07-01,73.67000000,78.96000000,72.25000000,77.46000000,3613325.29600000,1782950399999
2026-07-02,77.46000000,82.78000000,76.90000000,80.73000000,3740503.81000000,1783036799999
2026-07-03,80.72000000,83.22000000,80.34000000,82.34000000,1769217.38300000,1783123199999
2026-07-04,82.35000000,83.98000000,81.36000000,81.80000000,1853790.46200000,1783209599999
2026-07-05,81.80000000,82.43000000,79.68000000,81.59000000,1405482.13900000,1783295999999
2026-07-06,81.59000000,83.74000000,79.23000000,81.94000000,2393607.64000000,1783382399999
2026-07-07,81.94000000,82.79000000,80.34000000,80.58000000,1858989.51700000,1783468799999
2026-07-08,80.58000000,80.78000000,76.29000000,77.83000000,2171403.36000000,1783555199999
2026-07-09,77.83000000,78.83000000,76.71000000,78.04000000,1458437.83400000,1783641599999
2026-07-10,78.05000000,79.68000000,77.07000000,78.13000000,1853732.07500000,1783727999999
2026-07-11,78.14000000,78.88000000,76.77000000,76.79000000,1341468.46700000,1783814399999
2026-07-12,76.79000000,77.78000000,75.65000000,76.92000000,1107014.96000000,1783900799999
2026-07-13,76.92000000,78.20000000,74.10000000,75.01000000,1598648.36200000,1783987199999
2026-07-14,75.02000000,77.95000000,74.56000000,77.87000000,1797979.60200000,1784073599999
2026-07-15,77.87000000,79.04000000,76.94000000,77.29000000,1789391.58800000,1784159999999
2026-07-16,77.28000000,77.64000000,75.01000000,75.32000000,1525454.67800000,1784246399999
2026-07-17,75.33000000,75.75000000,73.39000000,75.04000000,1361493.07500000,1784332799999
2026-07-18,75.04000000,75.67000000,74.50000000,75.52000000,651011.69500000,1784419199999
2026-07-19,75.53000000,76.70000000,75.37000000,76.38000000,1176910.44600000,1784505599999
2026-07-20,76.38000000,78.38000000,75.50000000,77.85000000,1867200.85100000,1784591999999
2026-07-21,77.85000000,78.88000000,77.42000000,78.12000000,1283561.32000000,1784678399999
2026-07-22,78.13000000,78.85000000,77.00000000,77.97000000,1424652.17300000,1784764799999
2026-07-23,77.97000000,78.54000000,75.43000000,75.88000000,1346651.92600000,1784851199999
2026-07-24,75.88000000,76.45000000,73.44000000,73.96000000,1450088.26500000,1784937599999
2026-07-25,73.97000000,74.73000000,73.56000000,74.52000000,726815.74900000,1785023999999
2026-07-26,74.53000000,77.10000000,74.47000000,76.76000000,892413.37300000,1785110399999
2026-07-27,76.77000000,77.50000000,73.74000000,74.20000000,1608273.93100000,1785196799999
2026-07-28,74.21000000,74.59000000,72.36000000,73.83000000,1697225.44800000,1785283199999
2026-07-29,73.83000000,74.53000000,72.32000000,73.68000000,1597653.87500000,1785369599999
2026-07-30,73.69000000,74.99000000,73.14000000,74.51000000,1218863.45100000,1785455999999
2026-07-31,74.52000000,75.29000000,72.56000000,72.87000000,1337998.05100000,1785542399999
2026-08-01,72.87000000,73.21000000,70.58000000,71.95000000,1111519.09500000,1785628799999
2026-08-02,71.95000000,74.33000000,71.93000000,73.63000000,845346.93800000,1785715199999
2026-08-03,73.64000000,74.28000000,71.98000000,73.56000000,1227842.32900000,1785801599999
2026-08-04,73.56000000,74.45000000,73.04000000,73.75000000,1198568.94300000,1785887999999
2026-08-05,73.76000000,74.83000000,73.27000000,74.04000000,1549828.63700000,1785974399999
2026-08-06,74.04000000,74.35000000,72.34000000,72.70000000,1276204.92300000,1786060799999
2026-08-07,72.70000000,74.35000000,72.43000000,73.66000000,1552676.88700000,1786147199999
2026-08-08,73.67000000,76.81000000,73.57000000,76.01000000,1383412.48700000,1786233599999
2026-08-09,76.02000000,77.84000000,75.73000000,76.27000000,980767.67400000,1786319999999
2026-08-10,76.26000000,77.17000000,75.58000000,75.99000000,1278238.35500000,1786406399999
2026-08-11,76.00000000,76.67000000,74.63000000,76.30000000,1315794.68200000,1786492799999
2026-08-12,76.30000000,77.33000000,75.35000000,75.63000000,1154149.21400000,1786579199999
2026-08-13,75.64000000,76.62000000,75.10000000,76.28000000,1093508.55700000,1786665599999
2026-08-14,76.28000000,76.33000000,74.69000000,75.40000000,1063864.90600000,1786751999999
2026-08-15,75.40000000,75.74000000,75.05000000,75.35000000,602113.82200000,1786838399999
2026-08-16,75.35000000,75.71000000,74.10000000,74.61000000,681414.22500000,1786924799999
2026-08-17,74.62000000,76.22000000,74.43000000,76.02000000,1269854.35400000,1787011199999
2026-08-18,76.02000000,77.41000000,75.20000000,77.05000000,1454862.95200000,1787097599999
2026-08-19,77.05000000,87.21000000,76.63000000,85.38000000,4041510.27600000,1787183999999
2026-08-20,85.39000000,88.10000000,84.01000000,87.66000000,3689410.42600000,1787270399999
2026-08-21,87.65000000,94.99000000,87.57000000,93.72000000,5840669.10800000,1787356799999
2026-08-22,93.72000000,102.74000000,87.72000000,93.82000000,7094617.46600000,1787443199999
2026-08-23,93.83000000,97.21000000,91.58000000,95.07000000,3384655.45300000,1787529599999
